,comm_id,leg_id
0,HLIG,S001150
1,HLIG,H001047
2,HLIG,S001185
3,HLIG,C001072
4,HLIG,S001175
5,HLIG,Q000023
6,HLIG,S001193
7,HLIG,C001091
8,HLIG,H001064
9,HLIG,W000800
10,HLIG,M001185
11,HLIG,D000627
12,HLIG,K000391
13,HLIG,N000181
14,HLIG,C001062
15,HLIG,T000463
16,HLIG,W000815
17,HLIG,S001192
18,HLIG,C001087
19,HLIG,S001196
20,HLIG,H001073
21,HLIG,R000601
22,HSAG,C001062
23,HSAG,T000467
24,HSAG,S001189
25,HSAG,C001087
26,HSAG,D000616
27,HSAG,H001053
28,HSAG,L000578
29,HSAG,D000619
30,HSAG,Y000065
31,HSAG,A000372
32,HSAG,B001295
33,HSAG,R000603
34,HSAG,A000374
35,HSAG,K000388
36,HSAG,C001108
37,HSAG,M001198
38,HSAG,B001298
39,HSAG,D000628
40,HSAG,J000301
41,HSAG,B001307
42,HSAG,H001088
43,HSAG,P000258
44,HSAG,S001157
45,HSAG,C001059
46,HSAG,F000455
47,HSAG,M000312
48,HSAG,V000132
49,HSAG,P000610
50,HSAG,A000370
51,HSAG,S001209
52,HSAG,H001081
53,HSAG,D000630
54,HSAG,C001124
55,HSAG,C001119
56,HSAG,B001308
57,HSAG,V000133
58,HSAG,H001090
59,HSAG,S001216
60,HSAG,P000597
61,HSAG,B001286
62,HSAG,M001185
63,HSAG,C001112
64,HSAG,L000586
65,HSAG,O000171
66,HSAG,P000613
67,HSAG,K000368
68,HSAG,A000378
69,HSAG03,F000455
70,HSAG03,M000312
71,HSAG03,A000370
72,HSAG03,H001081
73,HSAG03,S001216
74,HSAG03,V000133
75,HSAG03,L000586
76,HSAG03,P000613
77,HSAG03,J000301
78,HSAG03,D000616
79,HSAG03,D000619
80,HSAG03,Y000065
81,HSAG03,B001298
82,HSAG03,H001088
83,HSAG14,P000610
84,HSAG14,D000630
85,HSAG14,C001124
86,HSAG14,H001090
87,HSAG14,B001308
88,HSAG14,V000133
89,HSAG14,S001216
90,HSAG14,P000597
91,HSAG14,C001112
92,HSAG14,P000613
93,HSAG14,M001185
94,HSAG14,L000586
95,HSAG14,D000628
96,HSAG14,T000467
97,HSAG14,H001053
98,HSAG14,L000578
99,HSAG14,D000619
100,HSAG14,Y000065
101,HSAG14,B001295
102,HSAG14,C001108
103,HSAG14,B001307
104,HSAG15,S001209
105,HSAG15,F000455
106,HSAG15,O000171
107,HSAG15,P000597
108,HSAG15,A000378
109,HSAG15,L000578
110,HSAG15,A000372
111,HSAG15,A000374
112,HSAG15,K000388
113,HSAG16,V000132
114,HSAG16,C001119
115,HSAG16,S001157
116,HSAG16,L000586
117,HSAG16,V000133
118,HSAG16,T000467
119,HSAG16,S001189
120,HSAG16,C001087
121,HSAG16,A000372
122,HSAG16,A000374
123,HSAG16,C001112
124,HSAG22,S001157
125,HSAG22,V000133
126,HSAG22,V000132
127,HSAG22,P000610
128,HSAG22,S001209
129,HSAG22,D000630
130,HSAG22,C001119
131,HSAG22,M001185
132,HSAG22,K000368
133,HSAG22,A000378
134,HSAG22,S001189
135,HSAG22,C001087
136,HSAG22,B001295
137,HSAG22,R000603
138,HSAG22,M001198
139,HSAG22,D000628
140,HSAG22,J000301
141,HSAG22,B001307
142,HSAG29,C001059
143,HSAG29,B001308
144,HSAG29,H001081
145,HSAG29,C001124
146,HSAG29,C001119
147,HSAG29,H001090
148,HSAG29,V000132
149,HSAG29,P000610
150,HSAG29,C001112
151,HSAG29,B001286
152,HSAG29,R000603
153,HSAG29,T000467
154,HSAG29,D000616
155,HSAG29,H001053
156,HSAG29,K000388
157,HSAG29,C001108
158,HSAG29,M001198
159,HSAG29,B001298
160,HSAG29,H001088
161,HSAG29,P000613
162,HSAP,G000377
163,HSAP,R000395
164,HSAP,A000055
165,HSAP,S001148
166,HSAP,C001051
167,HSAP,C000059
168,HSAP,C001053
169,HSAP,D000600
170,HSAP,G000560
171,HSAP,W000809
172,HSAP,F000449
173,HSAP,F000459
174,HSAP,H001056
175,HSAP,J000295
176,HSAP,H001052
177,HSAP,R000591
178,HSAP,A000369
179,HSAP,S001192
180,HSAP,P000601
181,HSAP,N000189
182,HSAP,M001194
183,HSAP,R000609
184,HSAP,H001073
185,HSAP,L000480
186,HSAP,K000009
187,HSAP,V000108
188,HSAP,S000248
189,HSAP,D000216
190,HSAP,P000523
191,HSAP,R000486
192,HSAP,B000490
193,HSAP,L000551
194,HSAP,M001143
195,HSAP,R000577
196,HSAP,R000576
197,HSAP,W000797
198,HSAP,C001063
199,HSAP,P000597
200,HSAP,Q000023
201,HSAP,K000381
202,HSAP,C001090
203,HSAP,M001188
204,HSAP,P000607
205,HSAP,C001101
206,HSAP,A000371
207,HSAP,F000462
208,HSAP,B001286
209,HSAP,W000822
210,HSAP,L000581
211,HSAP,T000474
212,HSAP,C001111
213,HSAP,K000368
214,HSAP,C001055
215,HSAP01,B000490
216,HSAP01,D000216
217,HSAP01,P000597
218,HSAP01,P000607
219,HSAP01,L000551
220,HSAP01,M001143
221,HSAP01,C001063
222,HSAP01,F000449
223,HSAP01,A000055
224,HSAP01,H001052
225,HSAP01,M001194
226,HSAP02,V000108
227,HSAP02,M001143
228,HSAP02,R000577
229,HSAP02,R000576
230,HSAP02,K000009
231,HSAP02,C001063
232,HSAP02,K000381
233,HSAP02,A000371
234,HSAP02,B001286
235,HSAP02,C001111
236,HSAP02,K000368
237,HSAP02,C000059
238,HSAP02,R000395
239,HSAP02,C001053
240,HSAP02,W000809
241,HSAP02,A000055
242,HSAP02,C001051
243,HSAP02,D000600
244,HSAP04,L000480
245,HSAP04,L000551
246,HSAP04,M001188
247,HSAP04,P000523
248,HSAP04,F000462
249,HSAP04,T000474
250,HSAP04,R000395
251,HSAP04,F000449
252,HSAP04,R000591
253,HSAP06,M001143
254,HSAP06,P000597
255,HSAP06,K000381
256,HSAP06,S000248
257,HSAP06,Q000023
258,HSAP06,W000822
259,HSAP06,L000581
260,HSAP06,J000295
261,HSAP06,S001148
262,HSAP06,S001192
263,HSAP06,A000369
264,HSAP07,D000216
265,HSAP07,R000486
266,HSAP07,L000551
267,HSAP07,P000607
268,HSAP07,C001101
269,HSAP07,F000462
270,HSAP07,B001286
271,HSAP07,W000822
272,HSAP07,C001053
273,HSAP07,H001052
274,HSAP07,H001056
275,HSAP07,M001194
276,HSAP07,G000560
277,HSAP10,K000009
278,HSAP10,V000108
279,HSAP10,W000797
280,HSAP10,K000368
281,HSAP10,K000381
282,HSAP10,P000607
283,HSAP10,F000462
284,HSAP10,S001148
285,HSAP10,C000059
286,HSAP10,F000459
287,HSAP10,N000189
288,HSAP15,R000486
289,HSAP15,C001063
290,HSAP15,R000576
291,HSAP15,P000523
292,HSAP15,W000797
293,HSAP15,M001188
294,HSAP15,A000371
295,HSAP15,F000459
296,HSAP15,P000601
297,HSAP15,N000189
298,HSAP15,R000609
299,HSAP18,W000797
300,HSAP18,B000490
301,HSAP18,C001055
302,HSAP18,R000577
303,HSAP18,P000597
304,HSAP18,C001090
305,HSAP18,B001286
306,HSAP18,C001051
307,HSAP18,R000591
308,HSAP18,R000609
309,HSAP18,H001073
310,HSAP19,S000248
311,HSAP19,C001090
312,HSAP19,M001188
313,HSAP19,L000581
314,HSAP19,C001111
315,HSAP19,C001055
316,HSAP19,K000009
317,HSAP19,A000055
318,HSAP19,R000591
319,HSAP19,P000601
320,HSAP19,G000560
321,HSAP20,D000600
322,HSAP20,W000809
323,HSAP20,R000609
324,HSAP20,H001073
325,HSAP20,P000523
326,HSAP20,Q000023
327,HSAP20,C001101
328,HSAP20,W000822
329,HSAP20,L000581
330,HSAP20,T000474
331,HSAP20,A000371
332,HSAP23,Q000023
333,HSAP23,S000248
334,HSAP23,C001090
335,HSAP23,B000490
336,HSAP23,T000474
337,HSAP23,C001111
338,HSAP23,K000368
339,HSAP23,G000560
340,HSAP23,A000369
341,HSAP23,S001192
342,HSAP23,J000295
343,HSAP24,R000577
344,HSAP24,R000576
345,HSAP24,C001101
346,HSAP24,C001055
347,HSAP24,H001056
348,HSAP24,N000189
349,HSAS,T000238
350,HSAS,W000795
351,HSAS,B001250
352,HSAS,T000463
353,HSAS,R000575
354,HSAS,C001062
355,HSAS,L000564
356,HSAS,W000804
357,HSAS,H001053
358,HSAS,S001189
359,HSAS,B001274
360,HSAS,C001094
361,HSAS,B001289
362,HSAS,G000546
363,HSAS,S001196
364,HSAS,D000616
365,HSAS,A000374
366,HSAS,K000388
367,HSAS,G000579
368,HSAS,G000578
369,HSAS,B001298
370,HSAS,B001299
371,HSAS,C001109
372,HSAS,M001201
373,HSAS,B001301
374,HSAS,W000823
375,HSAS,S000510
376,HSAS,D000598
377,HSAS,L000559
378,HSAS,L000560
379,HSAS,C000754
380,HSAS,C001069
381,HSAS,G000559
382,HSAS,S001175
383,HSAS,G000571
384,HSAS,N000188
385,HSAS,G000574
386,HSAS,M001196
387,HSAS,C001112
388,HSAS,B001304
389,HSAS,K000389
390,HSAS,K000375
391,HSAS,V000132
392,HSAS,K000394
393,HSAS,H001083
394,HSAS,C001123
395,HSAS,H001085
396,HSAS,C001121
397,HSAS,T000484
398,HSAS,S001208
399,HSAS,S001207
400,HSAS,H001087
401,HSAS,E000299
402,HSAS,H001080
403,HSAS,G000592
404,HSAS,T000482
405,HSAS,L000591
406,HSAS02,K000388
407,HSAS02,S001175
408,HSAS02,D000598
409,HSAS02,G000574
410,HSAS02,C001123
411,HSAS02,E000299
412,HSAS02,H001080
413,HSAS02,T000482
414,HSAS02,L000591
415,HSAS02,A000374
416,HSAS02,C001109
417,HSAS02,M001201
418,HSAS02,B001301
419,HSAS02,G000578
420,HSAS03,L000564
421,HSAS03,G000559
422,HSAS03,G000571
423,HSAS03,K000394
424,HSAS03,H001083
425,HSAS03,H001085
426,HSAS03,C001121
427,HSAS03,T000484
428,HSAS03,S001208
429,HSAS03,E000299
430,HSAS03,H001080
431,HSAS03,S001189
432,HSAS03,W000795
433,HSAS03,B001250
434,HSAS03,R000575
435,HSAS03,B001274
436,HSAS03,S001196
437,HSAS03,B001301
438,HSAS25,H001053
439,HSAS25,N000188
440,HSAS25,L000559
441,HSAS25,C001069
442,HSAS25,G000574
443,HSAS25,C001112
444,HSAS25,B001304
445,HSAS25,V000132
446,HSAS25,T000484
447,HSAS25,S001207
448,HSAS25,H001087
449,HSAS25,G000592
450,HSAS25,C001094
451,HSAS25,G000578
452,HSAS25,B001298
453,HSAS25,B001299
454,HSAS25,M001201
455,HSAS25,T000463
456,HSAS25,L000564
457,HSAS25,W000804
458,HSAS26,S001196
459,HSAS26,L000559
460,HSAS26,L000560
461,HSAS26,C000754
462,HSAS26,G000571
463,HSAS26,B001304
464,HSAS26,K000389
465,HSAS26,K000375
466,HSAS26,K000394
467,HSAS26,H001085
468,HSAS26,C001121
469,HSAS26,S001208
470,HSAS26,T000482
471,HSAS26,G000546
472,HSAS26,A000374
473,HSAS26,C001062
474,HSAS26,S001189
475,HSAS26,D000616
476,HSAS26,G000579
477,HSAS26,W000823
478,HSAS26,B001298
479,HSAS26,B001299
480,HSAS28,W000804
481,HSAS28,C001069
482,HSAS28,L000559
483,HSAS28,C000754
484,HSAS28,N000188
485,HSAS28,M001196
486,HSAS28,V000132
487,HSAS28,C001123
488,HSAS28,S001207
489,HSAS28,H001087
490,HSAS28,G000592
491,HSAS28,L000591
492,HSAS28,C001062
493,HSAS28,G000579
494,HSAS28,B001301
495,HSAS28,W000823
496,HSAS28,H001053
497,HSAS28,C001094
498,HSAS28,B001289
499,HSAS28,K000388
500,HSAS29,T000463
501,HSAS29,C000754
502,HSAS29,D000598
503,HSAS29,L000560
504,HSAS29,G000559
505,HSAS29,S001175
506,HSAS29,M001196
507,HSAS29,C001112
508,HSAS29,K000389
509,HSAS29,K000375
510,HSAS29,H001083
511,HSAS29,W000795
512,HSAS29,B001250
513,HSAS29,R000575
514,HSAS29,B001274
515,HSAS29,B001289
516,HSAS29,D000616
517,HSAS29,C001109
518,HSBA,M001156
519,HSBA,K000210
520,HSBA,L000491
521,HSBA,P000599
522,HSBA,L000569
523,HSBA,H001058
524,HSBA,S001187
525,HSBA,W000812
526,HSBA,B001282
527,HSBA,T000470
528,HSBA,W000816
529,HSBA,H001072
530,HSBA,E000294
531,HSBA,Z000017
532,HSBA,L000583
533,HSBA,M001195
534,HSBA,D000626
535,HSBA,B001305
536,HSBA,K000392
537,HSBA,H001074
538,HSBA,G000588
539,HSBA,R000612
540,HSBA,S001213
541,HSBA,G000589
542,HSBA,R000611
543,HSBA,W000187
544,HSBA,M000087
545,HSBA,V000081
546,HSBA,S000344
547,HSBA,M001137
548,HSBA,C001049
549,HSBA,S001157
550,HSBA,G000553
551,HSBA,C001061
552,HSBA,P000593
553,HSBA,H001047
554,HSBA,F000454
555,HSBA,B001281
556,HSBA,H001064
557,HSBA,V000130
558,HSBA,G000583
559,HSBA,G000581
560,HSBA,L000586
561,HSBA,S001204
562,HSBA,T000481
563,HSBA,P000618
564,HSBA,A000378
565,HSBA,C001117
566,HSBA,P000617
567,HSBA,M001209
568,HSBA,O000172
569,HSBA,W000825
570,HSBA,L000562
571,HSBA,G000571
572,HSBA,A000370
573,HSBA,D000631
574,HSBA,G000586
575,HSBA,G000587
576,HSBA,P000616
577,HSBA04,C001049
578,HSBA04,V000081
579,HSBA04,C001061
580,HSBA04,S000344
581,HSBA04,B001281
582,HSBA04,G000553
583,HSBA04,G000581
584,HSBA04,M000087
585,HSBA04,H001064
586,HSBA04,V000130
587,HSBA04,L000586
588,HSBA04,T000481
589,HSBA04,A000378
590,HSBA04,L000569
591,HSBA04,H001058
592,HSBA04,T000470
593,HSBA04,Z000017
594,HSBA04,K000392
595,HSBA04,G000588
596,HSBA04,R000612
597,HSBA04,S001213
598,HSBA04,G000589
599,HSBA09,B001282
600,HSBA09,G000553
601,HSBA09,B001281
602,HSBA09,L000562
603,HSBA09,V000081
604,HSBA09,P000593
605,HSBA09,T000481
606,HSBA09,C001117
607,HSBA09,D000631
608,HSBA09,G000587
609,HSBA09,P000616
610,HSBA09,P000599
611,HSBA09,Z000017
612,HSBA09,L000583
613,HSBA09,D000626
614,HSBA09,R000612
615,HSBA09,S001213
616,HSBA15,L000569
617,HSBA15,M001137
618,HSBA15,S001157
619,HSBA15,V000081
620,HSBA15,C001049
621,HSBA15,H001064
622,HSBA15,F000454
623,HSBA15,L000586
624,HSBA15,T000481
625,HSBA15,P000618
626,HSBA15,P000617
627,HSBA15,M001209
628,HSBA15,O000172
629,HSBA15,W000825
630,HSBA15,L000491
631,HSBA15,P000599
632,HSBA15,B001282
633,HSBA15,T000470
634,HSBA15,W000816
635,HSBA15,L000583
636,HSBA15,B001305
637,HSBA15,K000392
638,HSBA15,R000611
639,HSBA16,H001058
640,HSBA16,M000087
641,HSBA16,S000344
642,HSBA16,S001157
643,HSBA16,H001047
644,HSBA16,F000454
645,HSBA16,M001137
646,HSBA16,V000130
647,HSBA16,G000583
648,HSBA16,G000581
649,HSBA16,S001204
650,HSBA16,P000618
651,HSBA16,A000378
652,HSBA16,C001117
653,HSBA16,O000172
654,HSBA16,K000210
655,HSBA16,S001187
656,HSBA16,W000812
657,HSBA16,H001072
658,HSBA16,E000294
659,HSBA16,M001195
660,HSBA16,D000626
661,HSBA16,H001074
662,HSBA20,S001187
663,HSBA20,C001061
664,HSBU,W000809
665,HSBU,W000810
666,HSBU,J000292
667,HSBU,S001195
668,HSBU,F000461
669,HSBU,H001065
670,HSBU,S001192
671,HSBU,N000190
672,HSBU,R000614
673,HSBU,M001204
674,HSBU,T000480
675,HSBU,C001120
676,HSBU,H001082
677,HSBU,B001309
678,HSBU,Y000062
679,HSBU,M001196
680,HSBU,J000294
681,HSBU,H001038
682,HSBU,B001296
683,HSBU,K000389
684,HSBU,D000216
685,HSBU,D000399
686,HSBU,P000523
687,HSBU,S001145
688,HSBU,K000380
689,HSBU,P000613
690,HSBU,M001206
691,HSBU,H001066
692,HSBU,S000185
693,HSBU,J000032
694,HSBU,L000551
695,HSBU,J000298
696,HSBU,O000173
697,HSBU,S001165
698,HSBU,P000608
699,HSBU,C000754
700,HSED,F000450
701,HSED,R000582
702,HSED,T000467
703,HSED,W000798
704,HSED,G000558
705,HSED,B001289
706,HSED,G000576
707,HSED,S001196
708,HSED,A000372
709,HSED,S001199
710,HSED,B001299
711,HSED,W000819
712,HSED,C001108
713,HSED,C001118
714,HSED,F000469
715,HSED,T000479
716,HSED,W000824
717,HSED,W000827
718,HSED,M001204
719,HSED,T000480
720,HSED,J000301
721,HSED,S000185
722,HSED,D000598
723,HSED,G000551
724,HSED,C001069
725,HSED,F000455
726,HSED,S001177
727,HSED,W000808
728,HSED,B001278
729,HSED,T000472
730,HSED,A000370
731,HSED,D000623
732,HSED,N000188
733,HSED,J000298
734,HSED,M001206
735,HSED,W000826
736,HSED,H001090
737,HSED,M001208
738,HSED,S001216
739,HSED,U000040
740,HSED,H001081
741,HSED,S001206
742,HSED,L000592
743,HSED,O000173
744,HSED,T000483
745,HSED,S001215
746,HSED,L000590
747,HSED,T000482
748,HSED,C001091
749,HSED,K000395
750,HSED02,W000798
751,HSED02,R000582
752,HSED02,A000372
753,HSED02,B001299
754,HSED02,F000469
755,HSED02,T000479
756,HSED02,W000824
757,HSED02,W000827
758,HSED02,M001204
759,HSED02,J000301
760,HSED02,W000808
761,HSED02,C001069
762,HSED02,F000455
763,HSED02,N000188
764,HSED02,M001206
765,HSED02,W000826
766,HSED02,H001090
767,HSED02,M001208
768,HSED02,U000040
769,HSED02,S001206
770,HSED02,L000592
771,HSED02,S001215
772,HSED02,T000482
773,HSED02,S000185
774,HSED10,B001289
775,HSED10,W000819
776,HSED10,D000623
777,HSED10,C001118
778,HSED10,W000827
779,HSED10,A000370
780,HSED10,T000472
781,HSED10,J000298
782,HSED10,W000826
783,HSED10,M001208
784,HSED10,O000173
785,HSED10,S001215
786,HSED13,S001199
787,HSED13,G000558
788,HSED13,G000576
789,HSED13,S001196
790,HSED13,S001177
791,HSED13,B001299
792,HSED13,W000819
793,HSED13,C001108
794,HSED13,C001118
795,HSED13,F000469
796,HSED13,W000824
797,HSED13,M001204
798,HSED13,T000480
799,HSED13,D000598
800,HSED13,G000551
801,HSED13,C001069
802,HSED13,B001278
803,HSED13,T000472
804,HSED13,A000370
805,HSED13,N000188
806,HSED13,J000298
807,HSED13,H001090
808,HSED13,L000592
809,HSED13,O000173
810,HSED13,T000483
811,HSED13,L000590
812,HSED13,C001091
813,HSED13,T000482
814,HSED14,A000372
815,HSED14,T000467
816,HSED14,G000576
817,HSED14,T000479
818,HSED14,T000480
819,HSED14,S001177
820,HSED14,S001216
821,HSED14,H001081
822,HSED14,S001206
823,HSED14,D000598
824,HSED14,W000808
825,HSED14,D000623
826,HSED14,M001206
827,HSFA,M001157
828,HSFA,S000522
829,HSFA,C000266
830,HSFA,W000795
831,HSFA,P000605
832,HSFA,Y000065
833,HSFA,K000378
834,HSFA,Z000017
835,HSFA,S000244
836,HSFA,W000812
837,HSFA,M001199
838,HSFA,R000607
839,HSFA,F000466
840,HSFA,C001114
841,HSFA,B001297
842,HSFA,W000827
843,HSFA,R000610
844,HSFA,B001309
845,HSFA,P000615
846,HSFA,W000824
847,HSFA,G000591
848,HSFA,E000179
849,HSFA,S000344
850,HSFA,M001137
851,HSFA,S001165
852,HSFA,C001078
853,HSFA,D000610
854,HSFA,B001270
855,HSFA,K000375
856,HSFA,C001084
857,HSFA,B001287
858,HSFA,C001091
859,HSFA,T000468
860,HSFA,E000297
861,HSFA,L000582
862,HSFA,W000826
863,HSFA,P000616
864,HSFA,O000173
865,HSFA,A000376
866,HSFA,L000592
867,HSFA,S001209
868,HSFA,H001085
869,HSFA,M001203
870,HSFA,T000483
871,HSFA,C001059
872,HSFA,V000130
873,HSFA,G000581
874,HSFA05,Y000065
875,HSFA05,P000605
876,HSFA05,W000812
877,HSFA05,M001199
878,HSFA05,C001114
879,HSFA05,S000344
880,HSFA05,T000468
881,HSFA05,H001085
882,HSFA05,C001078
883,HSFA05,B001287
884,HSFA05,L000592
885,HSFA05,S001209
886,HSFA07,R000607
887,HSFA07,S000522
888,HSFA07,Y000065
889,HSFA07,C001114
890,HSFA07,B001297
891,HSFA07,G000591
892,HSFA07,S001165
893,HSFA07,M001137
894,HSFA07,C001091
895,HSFA07,E000297
896,HSFA07,P000616
897,HSFA07,L000592
898,HSFA07,G000581
899,HSFA07,V000130
900,HSFA13,W000795
901,HSFA13,C000266
902,HSFA13,K000378
903,HSFA13,Z000017
904,HSFA13,M001199
905,HSFA13,F000466
906,HSFA13,R000610
907,HSFA13,W000824
908,HSFA13,D000610
909,HSFA13,C001078
910,HSFA13,C001084
911,HSFA13,L000582
912,HSFA13,A000376
913,HSFA13,M001203
914,HSFA13,T000483
915,HSFA13,S000344
916,HSFA13,K000375
917,HSFA13,V000130
918,HSFA14,K000378
919,HSFA14,W000795
920,HSFA14,W000812
921,HSFA14,S000244
922,HSFA14,R000607
923,HSFA14,F000466
924,HSFA14,P000615
925,HSFA14,W000827
926,HSFA14,G000591
927,HSFA14,B001309
928,HSFA14,K000375
929,HSFA14,S001209
930,HSFA14,M001137
931,HSFA14,S001165
932,HSFA14,D000610
933,HSFA14,C001084
934,HSFA14,T000468
935,HSFA14,W000826
936,HSFA14,T000483
937,HSFA14,C001059
938,HSFA14,G000581
939,HSFA14,C001091
940,HSFA16,S000522
941,HSFA16,W000827
942,HSFA16,B001309
943,HSFA16,B001270
944,HSFA16,S000244
945,HSFA16,W000826
946,HSFA16,P000616
947,HSFA16,O000173
948,HSFA16,H001085
949,HSFA17,Z000017
950,HSFA17,P000605
951,HSFA17,B001297
952,HSFA17,R000610
953,HSFA17,B001287
954,HSFA17,O000173
955,HSFA17,E000297
956,HSFA17,L000582
957,HSFA17,M001203
958,HSFA17,C001084
959,HSGO,J000289
960,HSGO,G000565
961,HSGO,F000450
962,HSGO,M001184
963,HSGO,M001187
964,HSGO,H001071
965,HSGO,G000576
966,HSGO,C001108
967,HSGO,C001115
968,HSGO,G000563
969,HSGO,H001077
970,HSGO,N000190
971,HSGO,R000614
972,HSGO,M001205
973,HSGO,G000590
974,HSGO,A000377
975,HSGO,S001214
976,HSGO,M000087
977,HSGO,N000147
978,HSGO,C001049
979,HSGO,L000562
980,HSGO,C000754
981,HSGO,C001078
982,HSGO,K000391
983,HSGO,R000606
984,HSGO,R000616
985,HSGO,H001087
986,HSGO,W000797
987,HSGO,S001168
988,HSGO,W000800
989,HSGO,S001175
990,HSGO,K000385
991,HSGO,D000623
992,HSGO,L000581
993,HSGO,P000610
994,HSGO,K000389
995,HSGO,G000585
996,HSGO,O000172
997,HSGO,P000617
998,HSGO,T000481
999,HSGO,K000395
1000,HSGO06,H001071
1001,HSGO06,G000565
1002,HSGO06,F000450
1003,HSGO06,M001187
1004,HSGO06,C001115
1005,HSGO06,G000590
1006,HSGO06,L000562
1007,HSGO06,C000754
1008,HSGO06,W000800
1009,HSGO06,R000616
1010,HSGO06,W000797
1011,HSGO06,K000385
1012,HSGO06,D000623
1013,HSGO06,P000610
1014,HSGO06,L000581
1015,HSGO06,H001077
1016,HSGO24,M001187
1017,HSGO24,M001184
1018,HSGO24,H001071
1019,HSGO24,G000576
1020,HSGO24,C001108
1021,HSGO24,N000190
1022,HSGO24,S001214
1023,HSGO24,C001078
1024,HSGO24,N000147
1025,HSGO24,S001168
1026,HSGO24,S001175
1027,HSGO24,L000581
1028,HSGO24,P000610
1029,HSGO24,K000389
1030,HSGO24,L000562
1031,HSGO24,R000606
1032,HSGO28,C001108
1033,HSGO28,G000565
1034,HSGO28,G000563
1035,HSGO28,A000377
1036,HSGO28,R000616
1037,HSGO28,H001087
1038,HSGO28,T000481
1039,HSGO28,K000391
1040,HSGO28,S001175
1041,HSGO28,G000585
1042,HSGO28,O000172
1043,HSGO28,K000395
1044,HSHA,D000619
1045,HSHA,W000819
1046,HSHA,L000583
1047,HSHA,L000397
1048,HSHA,R000606
1049,HSHA,D000598
1050,HSHA,B001251
1051,HSHA,F000455
1052,HSHA,A000371
1053,HSHA01,F000455
1054,HSHA01,B001251
1055,HSHA01,A000371
1056,HSHA01,D000619
1057,HSHM,R000575
1058,HSHM,K000210
1059,HSHM,M001157
1060,HSHM,K000386
1061,HSHM,R000601
1062,HSHM,W000819
1063,HSHM,H001077
1064,HSHM,L000589
1065,HSHM,G000590
1066,HSHM,T000479
1067,HSHM,J000302
1068,HSHM,C001120
1069,HSHM,G000591
1070,HSHM,T000193
1071,HSHM,J000032
1072,HSHM,L000559
1073,HSHM,R000588
1074,HSHM,P000604
1075,HSHM,R000602
1076,HSHM,C001110
1077,HSHM,T000484
1078,HSHM,R000613
1079,HSHM,U000040
1080,HSHM,S001208
1081,HSHM,C001061
1082,HSHM,G000553
1083,HSHM,C001067
1084,HSHM,T000468
1085,HSHM,W000822
1086,HSHM,B001300
1087,HSHM,D000627
1088,HSHM05,R000613
1089,HSHM05,J000032
1090,HSHM05,L000559
1091,HSHM05,S001208
1092,HSHM05,T000193
1093,HSHM05,W000819
1094,HSHM05,K000210
1095,HSHM05,G000590
1096,HSHM05,R000575
1097,HSHM07,C001110
1098,HSHM07,C001061
1099,HSHM07,T000468
1100,HSHM07,W000822
1101,HSHM07,B001300
1102,HSHM07,D000627
1103,HSHM07,T000193
1104,HSHM07,L000589
1105,HSHM07,K000386
1106,HSHM07,R000601
1107,HSHM07,G000590
1108,HSHM07,R000575
1109,HSHM08,R000588
1110,HSHM08,J000032
1111,HSHM08,L000559
1112,HSHM08,R000602
1113,HSHM08,U000040
1114,HSHM08,S001208
1115,HSHM08,T000193
1116,HSHM08,K000386
1117,HSHM08,R000601
1118,HSHM08,W000819
1119,HSHM08,T000479
1120,HSHM08,R000575
1121,HSHM09,T000484
1122,HSHM09,T000468
1123,HSHM09,W000822
1124,HSHM09,B001300
1125,HSHM09,T000193
1126,HSHM09,C001120
1127,HSHM09,H001077
1128,HSHM09,T000479
1129,HSHM09,R000575
1130,HSHM11,R000602
1131,HSHM11,P000604
1132,HSHM11,C001110
1133,HSHM11,T000484
1134,HSHM11,G000553
1135,HSHM11,C001067
1136,HSHM11,T000193
1137,HSHM11,H001077
1138,HSHM11,L000589
1139,HSHM11,J000302
1140,HSHM11,G000591
1141,HSHM11,R000575
1142,HSHM12,P000604
1143,HSHM12,R000588
1144,HSHM12,R000613
1145,HSHM12,U000040
1146,HSHM12,G000553
1147,HSHM12,C001067
1148,HSHM12,T000193
1149,HSHM12,K000210
1150,HSHM12,J000302
1151,HSHM12,C001120
1152,HSHM12,G000591
1153,HSHM12,R000575
1154,HSIF,W000791
1155,HSIF,U000031
1156,HSIF,S000364
1157,HSIF,B001248
1158,HSIF,S001176
1159,HSIF,L000566
1160,HSIF,M001159
1161,HSIF,G000558
1162,HSIF,O000168
1163,HSIF,M001180
1164,HSIF,K000378
1165,HSIF,G000568
1166,HSIF,B001257
1167,HSIF,J000292
1168,HSIF,L000576
1169,HSIF,B001275
1170,HSIF,F000461
1171,HSIF,B001284
1172,HSIF,M001190
1173,HSIF,H001067
1174,HSIF,W000798
1175,HSIF,C001103
1176,HSIF,D000615
1177,HSIF,G000584
1178,HSIF,P000034
1179,HSIF,R000515
1180,HSIF,E000215
1181,HSIF,E000179
1182,HSIF,D000197
1183,HSIF,D000482
1184,HSIF,S001145
1185,HSIF,B001251
1186,HSIF,M001163
1187,HSIF,C001066
1188,HSIF,S001168
1189,HSIF,M001166
1190,HSIF,W000800
1191,HSIF,L000570
1192,HSIF,T000469
1193,HSIF,C001067
1194,HSIF,L000565
1195,HSIF,S001180
1196,HSIF,K000379
1197,HSIF,C001097
1198,HSIF,R000599
1199,HSIF,P000608
1200,HSIF,D000624
1201,HSIF,V000131
1202,HSIF,K000382
1203,HSIF,K000385
1204,HSIF,B001300
1205,HSIF,M001200
1206,HSIF,B001303
1207,HSIF,S001200
1208,HSIF,O000171
1209,HSIF02,G000558
1210,HSIF02,B001248
1211,HSIF02,M001180
1212,HSIF02,G000568
1213,HSIF02,B001284
1214,HSIF02,M001190
1215,HSIF02,D000615
1216,HSIF02,W000791
1217,HSIF02,D000197
1218,HSIF02,S001145
1219,HSIF02,K000379
1220,HSIF02,R000599
1221,HSIF02,K000382
1222,HSIF02,C001066
1223,HSIF02,S001168
1224,HSIF02,T000469
1225,HSIF02,C001067
1226,HSIF02,P000608
1227,HSIF02,P000034
1228,HSIF03,U000031
1229,HSIF03,L000566
1230,HSIF03,M001159
1231,HSIF03,O000168
1232,HSIF03,M001180
1233,HSIF03,K000378
1234,HSIF03,G000568
1235,HSIF03,J000292
1236,HSIF03,B001275
1237,HSIF03,F000461
1238,HSIF03,H001067
1239,HSIF03,W000798
1240,HSIF03,D000615
1241,HSIF03,W000791
1242,HSIF03,R000515
1243,HSIF03,P000608
1244,HSIF03,D000482
1245,HSIF03,S001168
1246,HSIF03,M001166
1247,HSIF03,T000469
1248,HSIF03,L000565
1249,HSIF03,B001251
1250,HSIF03,W000800
1251,HSIF03,S001180
1252,HSIF03,K000379
1253,HSIF03,V000131
1254,HSIF03,K000382
1255,HSIF03,K000385
1256,HSIF03,B001300
1257,HSIF03,M001200
1258,HSIF03,O000171
1259,HSIF03,B001303
1260,HSIF03,P000034
1261,HSIF14,B001248
1262,HSIF14,U000031
1263,HSIF14,S000364
1264,HSIF14,G000558
1265,HSIF14,G000568
1266,HSIF14,B001257
1267,HSIF14,L000576
1268,HSIF14,B001275
1269,HSIF14,B001284
1270,HSIF14,M001190
1271,HSIF14,H001067
1272,HSIF14,C001103
1273,HSIF14,G000584
1274,HSIF14,W000791
1275,HSIF14,E000215
1276,HSIF14,E000179
1277,HSIF14,B001251
1278,HSIF14,M001163
1279,HSIF14,C001066
1280,HSIF14,S001168
1281,HSIF14,L000570
1282,HSIF14,S001180
1283,HSIF14,K000379
1284,HSIF14,C001097
1285,HSIF14,W000800
1286,HSIF14,R000599
1287,HSIF14,D000624
1288,HSIF14,K000382
1289,HSIF14,K000385
1290,HSIF14,B001300
1291,HSIF14,B001303
1292,HSIF14,R000515
1293,HSIF14,P000034
1294,HSIF16,L000566
1295,HSIF16,S000364
1296,HSIF16,S001176
1297,HSIF16,O000168
1298,HSIF16,K000378
1299,HSIF16,B001257
1300,HSIF16,J000292
1301,HSIF16,L000576
1302,HSIF16,F000461
1303,HSIF16,B001284
1304,HSIF16,W000798
1305,HSIF16,G000584
1306,HSIF16,D000482
1307,HSIF16,M001166
1308,HSIF16,C001067
1309,HSIF16,L000565
1310,HSIF16,V000131
1311,HSIF16,M001200
1312,HSIF16,S001200
1313,HSIF16,O000171
1314,HSIF16,E000215
1315,HSIF16,D000197
1316,HSIF16,B001251
1317,HSIF16,M001163
1318,HSIF16,W000791
1319,HSIF16,W000800
1320,HSIF16,L000570
1321,HSIF16,S001180
1322,HSIF16,C001097
1323,HSIF16,D000624
1324,HSIF16,P000034
1325,HSIF17,M001159
1326,HSIF17,U000031
1327,HSIF17,B001248
1328,HSIF17,L000566
1329,HSIF17,G000558
1330,HSIF17,B001275
1331,HSIF17,H001067
1332,HSIF17,C001103
1333,HSIF17,G000584
1334,HSIF17,W000791
1335,HSIF17,S001145
1336,HSIF17,C001066
1337,HSIF17,V000131
1338,HSIF17,K000385
1339,HSIF17,O000171
1340,HSIF17,L000570
1341,HSIF17,C001097
1342,HSIF17,B001303
1343,HSIF17,S001200
1344,HSIF17,R000515
1345,HSIF17,M001163
1346,HSIF17,M001166
1347,HSIF17,D000624
1348,HSIF17,P000034
1349,HSIF18,S000364
1350,HSIF18,M001159
1351,HSIF18,M001180
1352,HSIF18,J000292
1353,HSIF18,L000576
1354,HSIF18,F000461
1355,HSIF18,M001190
1356,HSIF18,C001103
1357,HSIF18,D000615
1358,HSIF18,W000791
1359,HSIF18,T000469
1360,HSIF18,C001067
1361,HSIF18,P000608
1362,HSIF18,B001300
1363,HSIF18,M001200
1364,HSIF18,B001303
1365,HSIF18,S001200
1366,HSIF18,D000197
1367,HSIF18,S001145
1368,HSIF18,M001163
1369,HSIF18,M001166
1370,HSIF18,R000599
1371,HSIF18,D000624
1372,HSIF18,P000034
1373,HSII,B001250
1374,HSII,Y000033
1375,HSII,G000552
1376,HSII,L000564
1377,HSII,W000804
1378,HSII,M001177
1379,HSII,G000565
1380,HSII,C001094
1381,HSII,W000821
1382,HSII,G000577
1383,HSII,H001071
1384,HSII,R000600
1385,HSII,W000806
1386,HSII,C001109
1387,HSII,J000299
1388,HSII,G000582
1389,HSII,C001114
1390,HSII,H001082
1391,HSII,F000469
1392,HSII,G000551
1393,HSII,N000179
1394,HSII,C001059
1395,HSII,S001177
1396,HSII,H001068
1397,HSII,L000579
1398,HSII,G000574
1399,HSII,C001124
1400,HSII,N000191
1401,HSII,L000593
1402,HSII,H001080
1403,HSII,V000133
1404,HSII,C001122
1405,HSII,V000081
1406,HSII,D000197
1407,HSII,C001049
1408,HSII,D000624
1409,HSII,B001304
1410,HSII,M001200
1411,HSII,S001200
1412,HSII,C001055
1413,HSII,H001066
1414,HSII,S001204
1415,HSII,C001090
1416,HSII,T000469
1417,HSII06,G000565
1418,HSII06,L000564
1419,HSII06,W000821
1420,HSII06,G000577
1421,HSII06,C001109
1422,HSII06,H001082
1423,HSII06,L000579
1424,HSII06,L000593
1425,HSII06,C001122
1426,HSII06,M001200
1427,HSII06,D000197
1428,HSII06,B001304
1429,HSII06,H001068
1430,HSII06,G000551
1431,HSII06,C001090
1432,HSII06,B001250
1433,HSII10,Y000033
1434,HSII10,G000552
1435,HSII10,M001177
1436,HSII10,C001094
1437,HSII10,W000821
1438,HSII10,H001071
1439,HSII10,W000806
1440,HSII10,C001114
1441,HSII10,F000469
1442,HSII10,B001250
1443,HSII10,H001080
1444,HSII10,N000191
1445,HSII10,D000197
1446,HSII10,D000624
1447,HSII10,H001066
1448,HSII10,H001068
1449,HSII10,G000574
1450,HSII10,L000579
1451,HSII10,C001055
1452,HSII10,G000551
1453,HSII10,T000469
1454,HSII13,M001177
1455,HSII13,L000564
1456,HSII13,W000804
1457,HSII13,G000577
1458,HSII13,H001071
1459,HSII13,R000600
1460,HSII13,W000806
1461,HSII13,J000299
1462,HSII13,G000582
1463,HSII13,F000469
1464,HSII13,B001250
1465,HSII13,H001068
1466,HSII13,N000179
1467,HSII13,C001059
1468,HSII13,S001177
1469,HSII13,V000133
1470,HSII13,V000081
1471,HSII13,B001304
1472,HSII13,C001055
1473,HSII13,L000579
1474,HSII13,C001124
1475,HSII13,N000191
1476,HSII13,L000593
1477,HSII13,C001122
1478,HSII13,G000551
1479,HSII15,G000552
1480,HSII15,G000565
1481,HSII15,J000299
1482,HSII15,G000582
1483,HSII15,B001250
1484,HSII15,C001124
1485,HSII15,D000624
1486,HSII15,M001200
1487,HSII15,S001204
1488,HSII15,G000551
1489,HSII24,C001094
1490,HSII24,Y000033
1491,HSII24,R000600
1492,HSII24,C001114
1493,HSII24,H001082
1494,HSII24,B001250
1495,HSII24,G000574
1496,HSII24,S001200
1497,HSII24,H001080
1498,HSII24,C001055
1499,HSII24,G000551
1500,HSII24,S001204
1501,HSII24,C001090
1502,HSJU,C001093
1503,HSJU,S000244
1504,HSJU,C000266
1505,HSJU,G000552
1506,HSJU,J000289
1507,HSJU,B001297
1508,HSJU,R000601
1509,HSJU,R000591
1510,HSJU,G000578
1511,HSJU,J000299
1512,HSJU,B001302
1513,HSJU,M001177
1514,HSJU,L000589
1515,HSJU,R000610
1516,HSJU,C001118
1517,HSJU,A000377
1518,HSJU,S001214
1519,HSJU,N000002
1520,HSJU,L000397
1521,HSJU,J000032
1522,HSJU,C001068
1523,HSJU,J000288
1524,HSJU,D000610
1525,HSJU,B001270
1526,HSJU,R000588
1527,HSJU,J000294
1528,HSJU,C001084
1529,HSJU,S001193
1530,HSJU,L000582
1531,HSJU,R000606
1532,HSJU,J000298
1533,HSJU,D000627
1534,HSJU,C001110
1535,HSJU,S001205
1536,HSJU,G000587
1537,HSJU,N000191
1538,HSJU,M001208
1539,HSJU,S001211
1540,HSJU,D000631
1541,HSJU,M001207
1542,HSJU,E000299
1543,HSJU01,B001297
1544,HSJU01,B001302
1545,HSJU01,M001177
1546,HSJU01,L000589
1547,HSJU01,A000377
1548,HSJU01,S001214
1549,HSJU01,L000397
1550,HSJU01,J000298
1551,HSJU01,C001110
1552,HSJU01,G000587
1553,HSJU01,N000191
1554,HSJU01,M001207
1555,HSJU01,E000299
1556,HSJU01,J000032
1557,HSJU01,S001205
1558,HSJU03,R000591
1559,HSJU03,C000266
1560,HSJU03,J000289
1561,HSJU03,R000601
1562,HSJU03,G000578
1563,HSJU03,J000299
1564,HSJU03,B001302
1565,HSJU03,R000610
1566,HSJU03,C001118
1567,HSJU03,J000288
1568,HSJU03,D000610
1569,HSJU03,R000588
1570,HSJU03,J000294
1571,HSJU03,L000582
1572,HSJU03,S001211
1573,HSJU03,L000397
1574,HSJU03,C001068
1575,HSJU03,B001270
1576,HSJU03,S001193
1577,HSJU03,C001110
1578,HSJU05,S000244
1579,HSJU05,G000578
1580,HSJU05,B001297
1581,HSJU05,A000377
1582,HSJU05,S001214
1583,HSJU05,C001084
1584,HSJU05,J000288
1585,HSJU05,R000606
1586,HSJU05,J000298
1587,HSJU05,D000627
1588,HSJU05,S001205
1589,HSJU05,N000191
1590,HSJU05,M001208
1591,HSJU08,R000601
1592,HSJU08,S000244
1593,HSJU08,C000266
1594,HSJU08,G000552
1595,HSJU08,M001177
1596,HSJU08,L000589
1597,HSJU08,R000610
1598,HSJU08,C001118
1599,HSJU08,S001214
1600,HSJU08,B001270
1601,HSJU08,J000032
1602,HSJU08,D000627
1603,HSJU08,M001208
1604,HSJU08,D000610
1605,HSJU08,R000588
1606,HSJU08,J000294
1607,HSJU08,C001084
1608,HSJU08,L000582
1609,HSJU08,D000631
1610,HSJU08,M001207
1611,HSJU08,C001068
1612,HSJU10,J000299
1613,HSJU10,G000552
1614,HSJU10,J000289
1615,HSJU10,R000610
1616,HSJU10,C001118
1617,HSJU10,A000377
1618,HSJU10,C001068
1619,HSJU10,R000606
1620,HSJU10,S001193
1621,HSJU10,S001205
1622,HSJU10,D000631
1623,HSJU10,G000587
1624,HSJU10,E000299
1625,HSJU10,J000032
1626,HSPW,G000546
1627,HSPW,Y000033
1628,HSPW,C001087
1629,HSPW,G000563
1630,HSPW,W000806
1631,HSPW,M001184
1632,HSPW,M001187
1633,HSPW,P000605
1634,HSPW,D000619
1635,HSPW,W000810
1636,HSPW,K000386
1637,HSPW,B001291
1638,HSPW,G000577
1639,HSPW,R000603
1640,HSPW,B001295
1641,HSPW,W000814
1642,HSPW,L000578
1643,HSPW,W000821
1644,HSPW,S001199
1645,HSPW,M001201
1646,HSPW,M001199
1647,HSPW,G000579
1648,HSPW,P000609
1649,HSPW,F000466
1650,HSPW,G000582
1651,HSPW,B001306
1652,HSPW,S001210
1653,HSPW,S001212
1654,HSPW,M001205
1655,HSPW,P000615
1656,HSPW,D000191
1657,HSPW,N000147
1658,HSPW,J000126
1659,HSPW,L000560
1660,HSPW,N000179
1661,HSPW,L000563
1662,HSPW,C001068
1663,HSPW,S001165
1664,HSPW,G000559
1665,HSPW,J000288
1666,HSPW,C001072
1667,HSPW,T000468
1668,HSPW,M001185
1669,HSPW,H001068
1670,HSPW,B001285
1671,HSPW,W000808
1672,HSPW,P000604
1673,HSPW,L000579
1674,HSPW,D000623
1675,HSPW,P000610
1676,HSPW,L000562
1677,HSPW,C001112
1678,HSPW,B001304
1679,HSPW,E000297
1680,HSPW,M001203
1681,HSPW,S001211
1682,HSPW,M001207
1683,HSPW,F000468
1684,HSPW,A000376
1685,HSPW,D000629
1686,HSPW,F000467
1687,HSPW,G000586
1688,HSPW,D000630
1689,HSPW,P000614
1690,HSPW,C001119
1691,HSPW,R000616
1692,HSPW02,W000821
1693,HSPW02,N000179
1694,HSPW02,M001207
1695,HSPW02,J000126
1696,HSPW02,G000559
1697,HSPW02,H001068
1698,HSPW02,L000579
1699,HSPW02,C001112
1700,HSPW02,E000297
1701,HSPW02,F000468
1702,HSPW02,F000467
1703,HSPW02,D000630
1704,HSPW02,P000614
1705,HSPW02,C001119
1706,HSPW02,R000616
1707,HSPW02,W000808
1708,HSPW02,L000562
1709,HSPW02,M001203
1710,HSPW02,D000191
1711,HSPW02,W000806
1712,HSPW02,M001184
1713,HSPW02,W000810
1714,HSPW02,B001291
1715,HSPW02,G000577
1716,HSPW02,R000603
1717,HSPW02,B001295
1718,HSPW02,W000814
1719,HSPW02,L000578
1720,HSPW02,M001199
1721,HSPW02,P000609
1722,HSPW02,G000582
1723,HSPW02,G000546
1724,HSPW05,G000577
1725,HSPW05,L000560
1726,HSPW05,C001072
1727,HSPW05,P000610
1728,HSPW05,L000562
1729,HSPW05,N000147
1730,HSPW05,L000563
1731,HSPW05,C001068
1732,HSPW05,J000288
1733,HSPW05,T000468
1734,HSPW05,B001285
1735,HSPW05,B001304
1736,HSPW05,S001211
1737,HSPW05,A000376
1738,HSPW05,G000586
1739,HSPW05,J000126
1740,HSPW05,M001185
1741,HSPW05,P000604
1742,HSPW05,D000629
1743,HSPW05,C001119
1744,HSPW05,N000179
1745,HSPW05,C001112
1746,HSPW05,D000191
1747,HSPW05,Y000033
1748,HSPW05,W000806
1749,HSPW05,M001184
1750,HSPW05,P000605
1751,HSPW05,W000810
1752,HSPW05,K000386
1753,HSPW05,R000603
1754,HSPW05,S001199
1755,HSPW05,M001201
1756,HSPW05,M001199
1757,HSPW05,G000579
1758,HSPW05,F000466
1759,HSPW05,B001306
1760,HSPW05,S001210
1761,HSPW05,S001212
1762,HSPW05,G000546
1763,HSPW07,G000563
1764,HSPW07,M001185
1765,HSPW07,L000560
1766,HSPW07,P000610
1767,HSPW07,G000559
1768,HSPW07,L000579
1769,HSPW07,B001304
1770,HSPW07,P000614
1771,HSPW07,D000191
1772,HSPW07,Y000033
1773,HSPW07,W000814
1774,HSPW07,M001199
1775,HSPW07,G000579
1776,HSPW07,M001205
1777,HSPW07,G000546
1778,HSPW12,D000619
1779,HSPW12,N000147
1780,HSPW12,J000126
1781,HSPW12,C001068
1782,HSPW12,G000559
1783,HSPW12,J000288
1784,HSPW12,H001068
1785,HSPW12,B001285
1786,HSPW12,W000808
1787,HSPW12,L000579
1788,HSPW12,D000623
1789,HSPW12,C001112
1790,HSPW12,B001304
1791,HSPW12,E000297
1792,HSPW12,M001203
1793,HSPW12,S001211
1794,HSPW12,A000376
1795,HSPW12,D000629
1796,HSPW12,F000467
1797,HSPW12,G000586
1798,HSPW12,D000630
1799,HSPW12,P000614
1800,HSPW12,C001119
1801,HSPW12,R000616
1802,HSPW12,N000179
1803,HSPW12,S001165
1804,HSPW12,M001185
1805,HSPW12,P000604
1806,HSPW12,L000563
1807,HSPW12,T000468
1808,HSPW12,P000610
1809,HSPW12,D000191
1810,HSPW12,Y000033
1811,HSPW12,C001087
1812,HSPW12,G000563
1813,HSPW12,W000806
1814,HSPW12,M001184
1815,HSPW12,M001187
1816,HSPW12,W000810
1817,HSPW12,K000386
1818,HSPW12,B001291
1819,HSPW12,R000603
1820,HSPW12,B001295
1821,HSPW12,L000578
1822,HSPW12,W000821
1823,HSPW12,S001199
1824,HSPW12,M001201
1825,HSPW12,G000579
1826,HSPW12,P000609
1827,HSPW12,F000466
1828,HSPW12,B001306
1829,HSPW12,S001210
1830,HSPW12,S001212
1831,HSPW12,M001205
1832,HSPW12,P000615
1833,HSPW12,G000546
1834,HSPW13,M001187
1835,HSPW13,T000468
1836,HSPW13,M001207
1837,HSPW13,D000629
1838,HSPW13,N000147
1839,HSPW13,J000288
1840,HSPW13,G000559
1841,HSPW13,B001304
1842,HSPW13,F000468
1843,HSPW13,D000191
1844,HSPW13,P000609
1845,HSPW13,G000582
1846,HSPW13,M001205
1847,HSPW13,P000615
1848,HSPW13,G000546
1849,HSPW14,C001087
1850,HSPW14,L000563
1851,HSPW14,S001165
1852,HSPW14,P000604
1853,HSPW14,F000468
1854,HSPW14,C001072
1855,HSPW14,W000808
1856,HSPW14,D000623
1857,HSPW14,L000562
1858,HSPW14,M001203
1859,HSPW14,N000179
1860,HSPW14,C001068
1861,HSPW14,G000586
1862,HSPW14,N000147
1863,HSPW14,J000126
1864,HSPW14,L000579
1865,HSPW14,A000376
1866,HSPW14,C001119
1867,HSPW14,D000191
1868,HSPW14,P000605
1869,HSPW14,D000619
1870,HSPW14,B001291
1871,HSPW14,B001295
1872,HSPW14,W000814
1873,HSPW14,L000578
1874,HSPW14,S001199
1875,HSPW14,M001201
1876,HSPW14,F000466
1877,HSPW14,B001306
1878,HSPW14,S001210
1879,HSPW14,S001212
1880,HSPW14,P000615
1881,HSPW14,G000546
1882,HSRU,M000312
1883,HSRU,H000324
1884,HSRU,T000474
1885,HSRU,P000593
1886,HSRU,R000606
1887,HSRU,S001205
1888,HSRU,M001206
1889,HSRU,S001206
1890,HSRU,D000623
1891,HSRU,C001053
1892,HSRU,W000810
1893,HSRU,B001248
1894,HSRU,L000589
1895,HSSM,C000266
1896,HSSM,R000600
1897,HSSM,K000388
1898,HSSM,B001306
1899,HSSM,H001082
1900,HSSM,H001088
1901,HSSM,S001212
1902,HSSM,B001309
1903,HSSM,S001210
1904,HSSM,J000302
1905,HSSM,V000081
1906,HSSM,F000467
1907,HSSM,G000592
1908,HSSM,K000394
1909,HSSM,C001121
1910,HSSM,D000629
1911,HSSM,C001080
1912,HSSM,V000131
1913,HSSM,E000296
1914,HSSM,S001190
1915,HSSM,E000297
1916,HSSM,D000630
1917,HSSM,H001085
1918,HSSM,C001119
1919,HSSM23,S001212
1920,HSSM23,G000592
1921,HSSM23,V000131
1922,HSSM23,H001088
1923,HSSM23,B001306
1924,HSSM23,C001080
1925,HSSM24,S001210
1926,HSSM24,C001080
1927,HSSM24,E000296
1928,HSSM24,K000388
1929,HSSM24,B001309
1930,HSSM24,C001119
1931,HSSM25,J000302
1932,HSSM25,F000467
1933,HSSM25,G000592
1934,HSSM25,C001121
1935,HSSM25,R000600
1936,HSSM25,K000388
1937,HSSM25,H001088
1938,HSSM25,C001119
1939,HSSM27,H001082
1940,HSSM27,K000394
1941,HSSM27,D000629
1942,HSSM27,S001190
1943,HSSM27,E000297
1944,HSSM27,D000630
1945,HSSM27,C001121
1946,HSSM27,S001210
1947,HSSM27,R000600
1948,HSSM27,S001212
1949,HSSO,M001158
1950,HSSO,R000601
1951,HSSO,H001065
1952,HSSO,W000813
1953,HSSO,G000591
1954,HSSO,D000610
1955,HSSO,M001188
1956,HSSO,W000826
1957,HSSO,P000616
1958,HSSO,B001304
1959,HSSY,L000491
1960,HSSY,B001274
1961,HSSY,P000599
1962,HSSY,W000814
1963,HSSY,B001291
1964,HSSY,B001302
1965,HSSY,M001198
1966,HSSY,N000190
1967,HSSY,C001115
1968,HSSY,B001306
1969,HSSY,O000168
1970,HSSY,G000588
1971,HSSY,W000823
1972,HSSY,B001307
1973,HSSY,H001056
1974,HSSY,G000582
1975,HSSY,J000126
1976,HSSY,L000397
1977,HSSY,L000563
1978,HSSY,B001278
1979,HSSY,B001287
1980,HSSY,L000588
1981,HSSY,F000468
1982,HSSY,S001215
1983,HSSY,H001083
1984,HSSY,S001207
1985,HSSY,S000344
1986,HSSY,C001068
1987,HSSY,M001166
1988,HSSY,P000593
1989,HSSY,T000469
1990,HSSY,F000454
1991,HSSY,B001292
1992,HSSY,C001111
1993,HSSY,C001117
1994,HSSY,H001087
1995,HSSY,M001209
1996,HSSY,W000825
1997,HSSY,R000607
1998,HSSY15,S001215
1999,HSSY15,L000563
2000,HSSY15,S001207
2001,HSSY15,S000344
2002,HSSY15,T000469
2003,HSSY15,M001209
2004,HSSY15,C001068
2005,HSSY15,F000454
2006,HSSY15,J000126
2007,HSSY15,B001307
2008,HSSY15,M001198
2009,HSSY15,B001306
2010,HSSY15,G000588
2011,HSSY15,L000491
2012,HSSY15,H001056
2013,HSSY16,H001083
2014,HSSY16,L000397
2015,HSSY16,B001287
2016,HSSY16,P000593
2017,HSSY16,B001292
2018,HSSY16,C001111
2019,HSSY16,H001087
2020,HSSY16,W000825
2021,HSSY16,J000126
2022,HSSY16,B001291
2023,HSSY16,B001274
2024,HSSY16,P000599
2025,HSSY16,O000168
2026,HSSY16,W000823
2027,HSSY16,L000491
2028,HSSY18,F000468
2029,HSSY18,B001278
2030,HSSY18,L000588
2031,HSSY18,T000469
2032,HSSY18,C001111
2033,HSSY18,C001117
2034,HSSY18,M001209
2035,HSSY18,B001292
2036,HSSY18,J000126
2037,HSSY18,M001198
2038,HSSY18,B001291
2039,HSSY18,G000588
2040,HSSY18,B001307
2041,HSSY18,L000491
2042,HSSY18,G000582
2043,HSSY20,L000588
2044,HSSY20,L000563
2045,HSSY20,F000468
2046,HSSY20,S001215
2047,HSSY20,H001083
2048,HSSY20,M001166
2049,HSSY20,F000454
2050,HSSY20,C001117
2051,HSSY20,J000126
2052,HSSY20,W000814
2053,HSSY20,B001302
2054,HSSY20,N000190
2055,HSSY20,C001115
2056,HSSY20,L000491
2057,HSSY21,S001207
2058,HSSY21,B001278
2059,HSSY21,C001068
2060,HSSY21,B001292
2061,HSSY21,W000825
2062,HSSY21,J000126
2063,HSSY21,N000190
2064,HSSY21,B001302
2065,HSSY21,W000823
2066,HSSY21,L000491
2067,HSVR,R000582
2068,HSVR,B001257
2069,HSVR,R000600
2070,HSVR,B001295
2071,HSVR,D000628
2072,HSVR,B001301
2073,HSVR,B001299
2074,HSVR,B001282
2075,HSVR,M001204
2076,HSVR,W000824
2077,HSVR,R000614
2078,HSVR,S001214
2079,HSVR,T000472
2080,HSVR,B001285
2081,HSVR,R000602
2082,HSVR,L000588
2083,HSVR,L000593
2084,HSVR,B001308
2085,HSVR,R000613
2086,HSVR,P000614
2087,HSVR,L000591
2088,HSVR,L000590
2089,HSVR,C001122
2090,HSVR,C001123
2091,HSVR,P000258
2092,HSVR,S001177
2093,HSVR,A000376
2094,HSVR,U000040
2095,HSVR03,D000628
2096,HSVR03,B001285
2097,HSVR03,L000588
2098,HSVR03,B001308
2099,HSVR03,L000593
2100,HSVR03,R000613
2101,HSVR03,C001123
2102,HSVR03,R000600
2103,HSVR03,B001282
2104,HSVR03,M001204
2105,HSVR03,S001214
2106,HSVR03,S001177
2107,HSVR08,B001301
2108,HSVR08,P000614
2109,HSVR08,R000602
2110,HSVR08,R000613
2111,HSVR08,C001123
2112,HSVR08,P000258
2113,HSVR08,R000600
2114,HSVR08,B001295
2115,HSVR08,R000614
2116,HSVR09,B001295
2117,HSVR09,L000591
2118,HSVR09,C001123
2119,HSVR09,S001177
2120,HSVR09,A000376
2121,HSVR09,U000040
2122,HSVR09,B001257
2123,HSVR09,W000824
2124,HSVR09,S001214
2125,HSVR10,B001257
2126,HSVR10,L000593
2127,HSVR10,R000602
2128,HSVR10,B001308
2129,HSVR10,P000614
2130,HSVR10,L000591
2131,HSVR10,L000590
2132,HSVR10,C001122
2133,HSVR10,B001301
2134,HSVR10,B001299
2135,HSVR10,B001282
2136,HSVR10,M001204
2137,HSVR11,B001299
2138,HSVR11,L000590
2139,HSVR11,B001285
2140,HSVR11,L000588
2141,HSVR11,C001122
2142,HSVR11,W000824
2143,HSVR11,R000614
2144,HSWM,B000755
2145,HSWM,N000181
2146,HSWM,B001260
2147,HSWM,S001172
2148,HSWM,M001158
2149,HSWM,R000585
2150,HSWM,K000376
2151,HSWM,H001065
2152,HSWM,S001195
2153,HSWM,R000597
2154,HSWM,S001183
2155,HSWM,W000813
2156,HSWM,L000585
2157,HSWM,W000815
2158,HSWM,A000375
2159,HSWM,F000465
2160,HSWM,E000298
2161,HSWM,N000015
2162,HSWM,L000287
2163,HSWM,D000399
2164,HSWM,T000460
2165,HSWM,L000557
2166,HSWM,B000574
2167,HSWM,K000188
2168,HSWM,P000096
2169,HSWM,D000096
2170,HSWM,S001156
2171,HSWM,H001038
2172,HSWM,S001185
2173,HSWM,D000617
2174,HSWM,C001080
2175,HSWM,M001160
2176,HSWM,K000380
2177,HSWM,B001296
2178,HSWM,B001292
2179,HSWM,E000296
2180,HSWM,S001190
2181,HSWM,S001201
2182,HSWM,P000613
2183,HSWM,M001202
2184,HSWM,G000585
2185,HSWM,H001066
2186,HSWM01,R000585
2187,HSWM01,A000375
2188,HSWM01,F000465
2189,HSWM01,E000298
2190,HSWM01,L000557
2191,HSWM01,P000096
2192,HSWM01,S001156
2193,HSWM01,H001038
2194,HSWM01,K000380
2195,HSWM01,B001296
2196,HSWM01,S001190
2197,HSWM02,N000181
2198,HSWM02,B001260
2199,HSWM02,S001172
2200,HSWM02,M001158
2201,HSWM02,R000585
2202,HSWM02,K000376
2203,HSWM02,H001065
2204,HSWM02,D000399
2205,HSWM02,T000460
2206,HSWM02,B000574
2207,HSWM02,K000188
2208,HSWM02,H001038
2209,HSWM02,S001185
2210,HSWM02,C001080
2211,HSWM02,E000296
2212,HSWM02,S001190
2213,HSWM02,G000585
2214,HSWM02,H001066
2215,HSWM03,W000813
2216,HSWM03,W000815
2217,HSWM03,E000298
2218,HSWM03,D000096
2219,HSWM03,C001080
2220,HSWM03,S001185
2221,HSWM03,M001160
2222,HSWM03,E000296
2223,HSWM03,M001202
2224,HSWM03,G000585
2225,HSWM03,R000585
2226,HSWM04,B001260
2227,HSWM04,N000181
2228,HSWM04,H001065
2229,HSWM04,R000597
2230,HSWM04,M001158
2231,HSWM04,S001195
2232,HSWM04,S001183
2233,HSWM04,B000574
2234,HSWM04,P000096
2235,HSWM04,K000188
2236,HSWM04,D000096
2237,HSWM04,H001038
2238,HSWM04,S001185
2239,HSWM04,D000617
2240,HSWM04,B001292
2241,HSWM04,K000380
2242,HSWM04,P000613
2243,HSWM04,M001202
2244,HSWM05,S001172
2245,HSWM05,R000597
2246,HSWM05,S001183
2247,HSWM05,L000585
2248,HSWM05,A000375
2249,HSWM05,F000465
2250,HSWM05,T000460
2251,HSWM05,D000399
2252,HSWM05,L000557
2253,HSWM05,S001156
2254,HSWM05,D000617
2255,HSWM05,M001160
2256,HSWM05,B001296
2257,HSWM05,B001292
2258,HSWM05,S001201
2259,HSWM06,K000376
2260,HSWM06,W000813
2261,HSWM06,L000585
2262,HSWM06,W000815
2263,HSWM06,L000287
2264,HSWM06,S001156
2265,HSWM06,D000617
2266,HSWM06,C001080
2267,HSWM06,M001160
2268,HSWM06,B001296
2269,HSWM06,S001201
2270,JCSE,W000437
2271,JCSE,B001236
2272,JCSE,G000562
2273,JCSE,R000595
2274,JCSE,T000476
2275,JCSE,C000141
2276,JCSE,W000802
2277,JCSE,U000039
2278,JCSE,S001181
2279,JSEC,L000577
2280,JSEC,C001095
2281,JSEC,S001197
2282,JSEC,P000449
2283,JSEC,C001075
2284,JSEC,C001098
2285,JSEC,H001046
2286,JSEC,K000367
2287,JSEC,P000595
2288,JSEC,H001076
2289,JSLC,B000575
2290,JSLC,R000307
2291,JSLC,S000320
2292,JSLC,K000367
2293,JSLC,L000174
2294,JSPR,B000575
2295,JSPR,R000307
2296,JSPR,W000437
2297,JSPR,K000367
2298,JSPR,U000039
2299,JSTX,G000386
2300,JSTX,C000880
2301,JSTX,E000285
2302,JSTX,W000779
2303,JSTX,S000770
2304,SCNC,C001056
2305,SCNC,G000386
2306,SCNC,R000584
2307,SCNC,P000612
2308,SCNC,F000062
2309,SCNC,W000802
2310,SCNC,R000608
2311,SLET,I000055
2312,SLET,R000307
2313,SLET,R000584
2314,SLET,C001088
2315,SLET,S001194
2316,SLET,S001181
2317,SLIA,H001061
2318,SLIA,B001261
2319,SLIA,M001153
2320,SLIA,L000575
2321,SLIA,D000618
2322,SLIA,M001197
2323,SLIA,M000934
2324,SLIA,U000039
2325,SLIA,C000127
2326,SLIA,T000464
2327,SLIA,S001194
2328,SLIA,C001113
2329,SLIA,S001203
2330,SLIN,B001135
2331,SLIN,R000584
2332,SLIN,R000595
2333,SLIN,C001035
2334,SLIN,B000575
2335,SLIN,C001095
2336,SLIN,C001056
2337,SLIN,S001197
2338,SLIN,M000355
2339,SLIN,I000024
2340,SLIN,W000805
2341,SLIN,F000062
2342,SLIN,W000779
2343,SLIN,H001046
2344,SLIN,K000383
2345,SLIN,H001075
2346,SLIN,B001267
2347,SLIN,S000148
2348,SLIN,R000122
2349,SPAG,C001035
2350,SPAG,S001184
2351,SPAG,B001135
2352,SPAG,M001197
2353,SPAG,R000595
2354,SPAG,H001089
2355,SPAG,B001310
2356,SPAG,S001217
2357,SPAG,C001070
2358,SPAG,G000555
2359,SPAG,B001277
2360,SPAG,W000817
2361,SPAG,J000300
2362,SPAG,S001191
2363,SPAG,R000608
2364,SSAF,R000307
2365,SSAF,M000355
2366,SSAF,B001236
2367,SSAF,H001061
2368,SSAF,E000295
2369,SSAF,H001079
2370,SSAF,B001310
2371,SSAF,P000612
2372,SSAF,G000386
2373,SSAF,T000250
2374,SSAF,F000463
2375,SSAF,S000770
2376,SSAF,L000174
2377,SSAF,B000944
2378,SSAF,K000367
2379,SSAF,B001267
2380,SSAF,G000555
2381,SSAF,C001070
2382,SSAF,S001203
2383,SSAF,D000563
2384,SSAF13,B001236
2385,SSAF13,M000355
2386,SSAF13,H001061
2387,SSAF13,H001079
2388,SSAF13,P000612
2389,SSAF13,G000386
2390,SSAF13,R000307
2391,SSAF13,B000944
2392,SSAF13,B001267
2393,SSAF13,G000555
2394,SSAF13,S001203
2395,SSAF13,D000563
2396,SSAF13,S000770
2397,SSAF14,B001310
2398,SSAF14,B001236
2399,SSAF14,H001079
2400,SSAF14,P000612
2401,SSAF14,G000386
2402,SSAF14,T000250
2403,SSAF14,R000307
2404,SSAF14,B001267
2405,SSAF14,L000174
2406,SSAF14,K000367
2407,SSAF14,C001070
2408,SSAF14,D000563
2409,SSAF14,S000770
2410,SSAF15,E000295
2411,SSAF15,M000355
2412,SSAF15,H001061
2413,SSAF15,B001310
2414,SSAF15,T000250
2415,SSAF15,F000463
2416,SSAF15,R000307
2417,SSAF15,S001203
2418,SSAF15,B000944
2419,SSAF15,K000367
2420,SSAF15,B001267
2421,SSAF15,D000563
2422,SSAF15,S000770
2423,SSAF16,F000463
2424,SSAF16,M000355
2425,SSAF16,B001236
2426,SSAF16,H001061
2427,SSAF16,E000295
2428,SSAF16,T000250
2429,SSAF16,R000307
2430,SSAF16,C001070
2431,SSAF16,L000174
2432,SSAF16,B000944
2433,SSAF16,K000367
2434,SSAF16,G000555
2435,SSAF16,S000770
2436,SSAF17,H001079
2437,SSAF17,E000295
2438,SSAF17,B001310
2439,SSAF17,P000612
2440,SSAF17,G000386
2441,SSAF17,F000463
2442,SSAF17,R000307
2443,SSAF17,G000555
2444,SSAF17,L000174
2445,SSAF17,K000367
2446,SSAF17,C001070
2447,SSAF17,S001203
2448,SSAF17,S000770
2449,SSAP,S000320
2450,SSAP,M000355
2451,SSAP,A000360
2452,SSAP,C001035
2453,SSAP,M001153
2454,SSAP,G000359
2455,SSAP,B000575
2456,SSAP,M000934
2457,SSAP,H001061
2458,SSAP,B001236
2459,SSAP,C001047
2460,SSAP,K000393
2461,SSAP,H001079
2462,SSAP,D000618
2463,SSAP,R000595
2464,SSAP,L000575
2465,SSAP,L000174
2466,SSAP,M001111
2467,SSAP,F000062
2468,SSAP,D000563
2469,SSAP,R000122
2470,SSAP,T000464
2471,SSAP,U000039
2472,SSAP,S001181
2473,SSAP,M001176
2474,SSAP,C001088
2475,SSAP,S001194
2476,SSAP,B001230
2477,SSAP,M001169
2478,SSAP,M001183
2479,SSAP,V000128
2480,SSAP01,H001061
2481,SSAP01,M000355
2482,SSAP01,C001035
2483,SSAP01,B000575
2484,SSAP01,M000934
2485,SSAP01,H001079
2486,SSAP01,K000393
2487,SSAP01,S000320
2488,SSAP01,M001176
2489,SSAP01,F000062
2490,SSAP01,T000464
2491,SSAP01,U000039
2492,SSAP01,L000174
2493,SSAP01,B001230
2494,SSAP02,S000320
2495,SSAP02,M000355
2496,SSAP02,A000360
2497,SSAP02,C001035
2498,SSAP02,M001153
2499,SSAP02,G000359
2500,SSAP02,B000575
2501,SSAP02,M000934
2502,SSAP02,H001061
2503,SSAP02,B001236
2504,SSAP02,D000563
2505,SSAP02,L000174
2506,SSAP02,F000062
2507,SSAP02,M001111
2508,SSAP02,R000122
2509,SSAP02,T000464
2510,SSAP02,U000039
2511,SSAP02,S001194
2512,SSAP02,B001230
2513,SSAP08,H001079
2514,SSAP08,S000320
2515,SSAP08,L000575
2516,SSAP08,M001169
2517,SSAP08,V000128
2518,SSAP08,L000174
2519,SSAP14,C001047
2520,SSAP14,S000320
2521,SSAP14,M001153
2522,SSAP14,H001061
2523,SSAP14,K000393
2524,SSAP14,H001079
2525,SSAP14,L000575
2526,SSAP14,T000464
2527,SSAP14,S001181
2528,SSAP14,L000174
2529,SSAP14,M001111
2530,SSAP14,B001230
2531,SSAP14,M001183
2532,SSAP16,M000934
2533,SSAP16,A000360
2534,SSAP16,M001153
2535,SSAP16,C001035
2536,SSAP16,G000359
2537,SSAP16,B001236
2538,SSAP16,C001047
2539,SSAP16,K000393
2540,SSAP16,R000595
2541,SSAP16,S000320
2542,SSAP16,S001181
2543,SSAP16,L000174
2544,SSAP16,F000062
2545,SSAP16,R000122
2546,SSAP16,C001088
2547,SSAP16,S001194
2548,SSAP16,M001183
2549,SSAP16,V000128
2550,SSAP17,M001153
2551,SSAP17,A000360
2552,SSAP17,B000575
2553,SSAP17,M000355
2554,SSAP17,C001047
2555,SSAP17,H001079
2556,SSAP17,D000618
2557,SSAP17,R000595
2558,SSAP17,S000320
2559,SSAP17,U000039
2560,SSAP17,F000062
2561,SSAP17,L000174
2562,SSAP17,R000122
2563,SSAP17,T000464
2564,SSAP17,M001176
2565,SSAP17,V000128
2566,SSAP18,B000575
2567,SSAP18,S000320
2568,SSAP18,A000360
2569,SSAP18,G000359
2570,SSAP18,M000934
2571,SSAP18,C001047
2572,SSAP18,K000393
2573,SSAP18,H001079
2574,SSAP18,R000595
2575,SSAP18,L000575
2576,SSAP18,M001111
2577,SSAP18,D000563
2578,SSAP18,R000122
2579,SSAP18,S001181
2580,SSAP18,M001176
2581,SSAP18,S001194
2582,SSAP18,B001230
2583,SSAP18,M001169
2584,SSAP18,M001183
2585,SSAP18,L000174
2586,SSAP19,B001236
2587,SSAP19,M000355
2588,SSAP19,M001153
2589,SSAP19,H001061
2590,SSAP19,C001035
2591,SSAP19,C001047
2592,SSAP19,R000595
2593,SSAP19,D000618
2594,SSAP19,S000320
2595,SSAP19,S001194
2596,SSAP19,T000464
2597,SSAP19,M001111
2598,SSAP19,R000122
2599,SSAP19,U000039
2600,SSAP19,B001230
2601,SSAP19,M001169
2602,SSAP19,L000174
2603,SSAP20,G000359
2604,SSAP20,M000355
2605,SSAP20,B000575
2606,SSAP20,B001236
2607,SSAP20,M000934
2608,SSAP20,R000595
2609,SSAP20,L000575
2610,SSAP20,D000618
2611,SSAP20,S000320
2612,SSAP20,L000174
2613,SSAP20,D000563
2614,SSAP20,S001181
2615,SSAP20,C001088
2616,SSAP20,M001176
2617,SSAP20,M001169
2618,SSAP20,V000128
2619,SSAP22,A000360
2620,SSAP22,M000355
2621,SSAP22,S000320
2622,SSAP22,C001035
2623,SSAP22,M001153
2624,SSAP22,G000359
2625,SSAP22,H001061
2626,SSAP22,K000393
2627,SSAP22,H001079
2628,SSAP22,F000062
2629,SSAP22,M001111
2630,SSAP22,T000464
2631,SSAP22,D000563
2632,SSAP22,U000039
2633,SSAP22,S001181
2634,SSAP22,M001176
2635,SSAP22,C001088
2636,SSAP22,L000174
2637,SSAP23,K000393
2638,SSAP23,M000934
2639,SSAP23,B001236
2640,SSAP23,D000618
2641,SSAP23,L000575
2642,SSAP23,S000320
2643,SSAP23,C001088
2644,SSAP23,D000563
2645,SSAP23,M001183
2646,SSAP23,V000128
2647,SSAP23,L000174
2648,SSAP24,C001035
2649,SSAP24,S000320
2650,SSAP24,A000360
2651,SSAP24,B000575
2652,SSAP24,B001236
2653,SSAP24,C001047
2654,SSAP24,G000359
2655,SSAP24,H001061
2656,SSAP24,D000618
2657,SSAP24,R000122
2658,SSAP24,M001111
2659,SSAP24,D000563
2660,SSAP24,F000062
2661,SSAP24,C001088
2662,SSAP24,S001194
2663,SSAP24,M001169
2664,SSAP24,M001183
2665,SSAP24,L000174
2666,SSAS,I000024
2667,SSAS,W000437
2668,SSAS,F000463
2669,SSAS,C001095
2670,SSAS,R000605
2671,SSAS,E000295
2672,SSAS,T000476
2673,SSAS,S001198
2674,SSAS,P000612
2675,SSAS,C001096
2676,SSAS,M001197
2677,SSAS,S001217
2678,SSAS,B001243
2679,SSAS,H001089
2680,SSAS,R000122
2681,SSAS,S001181
2682,SSAS,G000555
2683,SSAS,B001277
2684,SSAS,H001042
2685,SSAS,K000384
2686,SSAS,K000383
2687,SSAS,H001046
2688,SSAS,W000817
2689,SSAS,P000595
2690,SSAS,M001183
2691,SSAS,D000622
2692,SSAS,J000300
2693,SSAS13,P000612
2694,SSAS13,W000437
2695,SSAS13,C001095
2696,SSAS13,E000295
2697,SSAS13,T000476
2698,SSAS13,H001089
2699,SSAS13,I000024
2700,SSAS13,H001042
2701,SSAS13,S001181
2702,SSAS13,B001277
2703,SSAS13,K000384
2704,SSAS13,K000383
2705,SSAS13,R000122
2706,SSAS14,C001095
2707,SSAS14,W000437
2708,SSAS14,T000476
2709,SSAS14,S001198
2710,SSAS14,I000024
2711,SSAS14,C001096
2712,SSAS14,M001197
2713,SSAS14,S001217
2714,SSAS14,K000383
2715,SSAS14,B001277
2716,SSAS14,W000817
2717,SSAS14,P000595
2718,SSAS14,D000622
2719,SSAS14,J000300
2720,SSAS14,R000122
2721,SSAS15,S001198
2722,SSAS15,F000463
2723,SSAS15,E000295
2724,SSAS15,P000612
2725,SSAS15,M001197
2726,SSAS15,B001243
2727,SSAS15,I000024
2728,SSAS15,K000384
2729,SSAS15,S001181
2730,SSAS15,H001042
2731,SSAS15,D000622
2732,SSAS15,J000300
2733,SSAS15,R000122
2734,SSAS16,F000463
2735,SSAS16,C001095
2736,SSAS16,R000605
2737,SSAS16,S001198
2738,SSAS16,C001096
2739,SSAS16,H001089
2740,SSAS16,I000024
2741,SSAS16,H001046
2742,SSAS16,K000383
2743,SSAS16,W000817
2744,SSAS16,M001183
2745,SSAS16,J000300
2746,SSAS16,R000122
2747,SSAS17,T000476
2748,SSAS17,R000605
2749,SSAS17,M001197
2750,SSAS17,S001217
2751,SSAS17,I000024
2752,SSAS17,G000555
2753,SSAS17,W000817
2754,SSAS17,D000622
2755,SSAS17,R000122
2756,SSAS20,E000295
2757,SSAS20,F000463
2758,SSAS20,C001096
2759,SSAS20,B001243
2760,SSAS20,H001089
2761,SSAS20,I000024
2762,SSAS20,P000595
2763,SSAS20,S001181
2764,SSAS20,H001042
2765,SSAS20,H001046
2766,SSAS20,R000122
2767,SSAS21,R000605
2768,SSAS21,W000437
2769,SSAS21,P000612
2770,SSAS21,S001217
2771,SSAS21,B001243
2772,SSAS21,I000024
2773,SSAS21,M001183
2774,SSAS21,G000555
2775,SSAS21,B001277
2776,SSAS21,H001046
2777,SSAS21,R000122
2778,SSBK,C000880
2779,SSBK,S000320
2780,SSBK,T000461
2781,SSBK,S001184
2782,SSBK,S001197
2783,SSBK,C001095
2784,SSBK,R000605
2785,SSBK,P000612
2786,SSBK,T000476
2787,SSBK,K000393
2788,SSBK,M001197
2789,SSBK,M000934
2790,SSBK,C001096
2791,SSBK,B000944
2792,SSBK,R000122
2793,SSBK,M000639
2794,SSBK,T000464
2795,SSBK,W000805
2796,SSBK,W000817
2797,SSBK,S001194
2798,SSBK,V000128
2799,SSBK,C001113
2800,SSBK,J000300
2801,SSBK,S001203
2802,SSBK,S001191
2803,SSBK04,T000461
2804,SSBK04,S000320
2805,SSBK04,M001197
2806,SSBK04,S001184
2807,SSBK04,C001095
2808,SSBK04,R000605
2809,SSBK04,P000612
2810,SSBK04,T000476
2811,SSBK04,K000393
2812,SSBK04,C000880
2813,SSBK04,V000128
2814,SSBK04,R000122
2815,SSBK04,M000639
2816,SSBK04,T000464
2817,SSBK04,W000805
2818,SSBK04,W000817
2819,SSBK04,S001203
2820,SSBK04,S001191
2821,SSBK04,B000944
2822,SSBK05,S001197
2823,SSBK05,M001197
2824,SSBK05,M000934
2825,SSBK05,T000461
2826,SSBK05,S001184
2827,SSBK05,C000880
2828,SSBK05,W000805
2829,SSBK05,S001194
2830,SSBK05,V000128
2831,SSBK05,S001191
2832,SSBK05,B000944
2833,SSBK08,S001184
2834,SSBK08,R000605
2835,SSBK08,T000476
2836,SSBK08,K000393
2837,SSBK08,M000934
2838,SSBK08,C001096
2839,SSBK08,S000320
2840,SSBK08,T000461
2841,SSBK08,S001197
2842,SSBK08,C000880
2843,SSBK08,W000817
2844,SSBK08,R000122
2845,SSBK08,T000464
2846,SSBK08,W000805
2847,SSBK08,S001194
2848,SSBK08,V000128
2849,SSBK08,C001113
2850,SSBK08,J000300
2851,SSBK08,B000944
2852,SSBK09,P000612
2853,SSBK09,S000320
2854,SSBK09,C001095
2855,SSBK09,R000605
2856,SSBK09,M001197
2857,SSBK09,M000934
2858,SSBK09,C001096
2859,SSBK09,C000880
2860,SSBK09,M000639
2861,SSBK09,R000122
2862,SSBK09,W000817
2863,SSBK09,C001113
2864,SSBK09,J000300
2865,SSBK09,S001203
2866,SSBK09,B000944
2867,SSBK12,C001095
2868,SSBK12,C001096
2869,SSBK12,S001197
2870,SSBK12,P000612
2871,SSBK12,T000476
2872,SSBK12,K000393
2873,SSBK12,C000880
2874,SSBK12,C001113
2875,SSBK12,M000639
2876,SSBK12,J000300
2877,SSBK12,S001203
2878,SSBK12,S001191
2879,SSBK12,B000944
2880,SSBU,E000285
2881,SSBU,G000386
2882,SSBU,C000880
2883,SSBU,G000359
2884,SSBU,T000461
2885,SSBU,J000293
2886,SSBU,P000612
2887,SSBU,B001310
2888,SSBU,S001217
2889,SSBU,K000393
2890,SSBU,C001096
2891,SSBU,S000033
2892,SSBU,M001111
2893,SSBU,W000779
2894,SSBU,S000770
2895,SSBU,W000802
2896,SSBU,W000805
2897,SSBU,M001176
2898,SSBU,K000384
2899,SSBU,V000128
2900,SSBU,H001075
2901,SSCM,W000437
2902,SSCM,T000250
2903,SSCM,B000575
2904,SSCM,C001098
2905,SSCM,F000463
2906,SSCM,M000934
2907,SSCM,S001198
2908,SSCM,G000562
2909,SSCM,B001243
2910,SSCM,C001047
2911,SSCM,L000577
2912,SSCM,J000293
2913,SSCM,Y000064
2914,SSCM,S001217
2915,SSCM,C000127
2916,SSCM,K000367
2917,SSCM,B001277
2918,SSCM,S001194
2919,SSCM,M000133
2920,SSCM,U000039
2921,SSCM,P000595
2922,SSCM,B001230
2923,SSCM,D000622
2924,SSCM,T000464
2925,SSCM,S001191
2926,SSCM,R000608
2927,SSCM28,C001098
2928,SSCM28,T000250
2929,SSCM28,B000575
2930,SSCM28,M000934
2931,SSCM28,G000562
2932,SSCM28,B001243
2933,SSCM28,C001047
2934,SSCM28,L000577
2935,SSCM28,W000437
2936,SSCM28,S001191
2937,SSCM28,S001194
2938,SSCM28,U000039
2939,SSCM28,P000595
2940,SSCM28,D000622
2941,SSCM28,T000464
2942,SSCM28,R000608
2943,SSCM28,C000127
2944,SSCM29,M000934
2945,SSCM29,T000250
2946,SSCM29,F000463
2947,SSCM29,S001198
2948,SSCM29,B001243
2949,SSCM29,C001047
2950,SSCM29,L000577
2951,SSCM29,J000293
2952,SSCM29,Y000064
2953,SSCM29,W000437
2954,SSCM29,B001277
2955,SSCM29,K000367
2956,SSCM29,S001194
2957,SSCM29,M000133
2958,SSCM29,U000039
2959,SSCM29,B001230
2960,SSCM29,S001191
2961,SSCM29,R000608
2962,SSCM29,C000127
2963,SSCM30,G000562
2964,SSCM30,C001098
2965,SSCM30,S001198
2966,SSCM30,J000293
2967,SSCM30,S001217
2968,SSCM30,W000437
2969,SSCM30,B001230
2970,SSCM30,B001277
2971,SSCM30,S001194
2972,SSCM30,P000595
2973,SSCM30,C000127
2974,SSCM32,F000463
2975,SSCM32,T000250
2976,SSCM32,B000575
2977,SSCM32,M000934
2978,SSCM32,G000562
2979,SSCM32,C001047
2980,SSCM32,Y000064
2981,SSCM32,S001217
2982,SSCM32,W000437
2983,SSCM32,D000622
2984,SSCM32,K000367
2985,SSCM32,B001277
2986,SSCM32,M000133
2987,SSCM32,U000039
2988,SSCM32,P000595
2989,SSCM32,B001230
2990,SSCM32,C000127
2991,SSCM26,T000250
2992,SSCM26,B000575
2993,SSCM26,C001098
2994,SSCM26,F000463
2995,SSCM26,M000934
2996,SSCM26,S001198
2997,SSCM26,G000562
2998,SSCM26,B001243
2999,SSCM26,C001047
3000,SSCM26,L000577
3001,SSCM26,J000293
3002,SSCM26,Y000064
3003,SSCM26,S001217
3004,SSCM26,W000437
3005,SSCM26,S001194
3006,SSCM26,K000367
3007,SSCM26,B001277
3008,SSCM26,M000133
3009,SSCM26,U000039
3010,SSCM26,P000595
3011,SSCM26,B001230
3012,SSCM26,D000622
3013,SSCM26,T000464
3014,SSCM26,S001191
3015,SSCM26,R000608
3016,SSCM26,C000127
3017,SSEG,M001153
3018,SSEG,B001261
3019,SSEG,R000584
3020,SSEG,L000577
3021,SSEG,D000618
3022,SSEG,C001075
3023,SSEG,G000562
3024,SSEG,H001079
3025,SSEG,M001197
3026,SSEG,A000360
3027,SSEG,H001061
3028,SSEG,M001183
3029,SSEG,W000779
3030,SSEG,C000127
3031,SSEG,S000033
3032,SSEG,S000770
3033,SSEG,H001046
3034,SSEG,H001042
3035,SSEG,K000383
3036,SSEG,C001113
3037,SSEG01,C001075
3038,SSEG01,R000584
3039,SSEG01,L000577
3040,SSEG01,D000618
3041,SSEG01,G000562
3042,SSEG01,H001079
3043,SSEG01,M001197
3044,SSEG01,A000360
3045,SSEG01,H001061
3046,SSEG01,M001153
3047,SSEG01,H001046
3048,SSEG01,W000779
3049,SSEG01,C000127
3050,SSEG01,S000033
3051,SSEG01,S000770
3052,SSEG01,H001042
3053,SSEG01,K000383
3054,SSEG01,C001113
3055,SSEG01,M001183
3056,SSEG03,L000577
3057,SSEG03,B001261
3058,SSEG03,R000584
3059,SSEG03,D000618
3060,SSEG03,C001075
3061,SSEG03,G000562
3062,SSEG03,H001079
3063,SSEG03,M001197
3064,SSEG03,H001061
3065,SSEG03,M001153
3066,SSEG03,W000779
3067,SSEG03,C000127
3068,SSEG03,S000770
3069,SSEG03,H001046
3070,SSEG03,H001042
3071,SSEG03,K000383
3072,SSEG03,C001113
3073,SSEG03,M001183
3074,SSEG04,D000618
3075,SSEG04,B001261
3076,SSEG04,L000577
3077,SSEG04,G000562
3078,SSEG04,H001079
3079,SSEG04,A000360
3080,SSEG04,H001061
3081,SSEG04,M001153
3082,SSEG04,K000383
3083,SSEG04,S000033
3084,SSEG04,S000770
3085,SSEG04,H001046
3086,SSEG04,H001042
3087,SSEG04,M001183
3088,SSEG07,M001197
3089,SSEG07,B001261
3090,SSEG07,R000584
3091,SSEG07,C001075
3092,SSEG07,G000562
3093,SSEG07,A000360
3094,SSEG07,M001153
3095,SSEG07,C001113
3096,SSEG07,W000779
3097,SSEG07,C000127
3098,SSEG07,S000033
3099,SSEG07,M001183
3100,SSEV,B001261
3101,SSEV,I000024
3102,SSEV,C001047
3103,SSEV,C001096
3104,SSEV,B001310
3105,SSEV,R000605
3106,SSEV,S001198
3107,SSEV,B001236
3108,SSEV,W000437
3109,SSEV,S000320
3110,SSEV,E000295
3111,SSEV,C000174
3112,SSEV,C000141
3113,SSEV,S000033
3114,SSEV,W000802
3115,SSEV,M001176
3116,SSEV,G000555
3117,SSEV,B001288
3118,SSEV,M000133
3119,SSEV,D000622
3120,SSEV,V000128
3121,SSEV08,C001047
3122,SSEV08,I000024
3123,SSEV08,C001096
3124,SSEV08,B001310
3125,SSEV08,R000605
3126,SSEV08,S001198
3127,SSEV08,B001236
3128,SSEV08,W000437
3129,SSEV08,S000320
3130,SSEV08,B001261
3131,SSEV08,C000141
3132,SSEV08,S000033
3133,SSEV08,W000802
3134,SSEV08,M001176
3135,SSEV08,G000555
3136,SSEV08,B001288
3137,SSEV08,M000133
3138,SSEV08,V000128
3139,SSEV08,C000174
3140,SSEV09,R000605
3141,SSEV09,I000024
3142,SSEV09,S000320
3143,SSEV09,E000295
3144,SSEV09,B001261
3145,SSEV09,B001288
3146,SSEV09,G000555
3147,SSEV09,M000133
3148,SSEV09,C000174
3149,SSEV10,B001310
3150,SSEV10,I000024
3151,SSEV10,C001047
3152,SSEV10,C001096
3153,SSEV10,R000605
3154,SSEV10,S001198
3155,SSEV10,B001236
3156,SSEV10,W000437
3157,SSEV10,E000295
3158,SSEV10,B001261
3159,SSEV10,W000802
3160,SSEV10,C000141
3161,SSEV10,S000033
3162,SSEV10,M001176
3163,SSEV10,G000555
3164,SSEV10,B001288
3165,SSEV10,M000133
3166,SSEV10,D000622
3167,SSEV10,C000174
3168,SSEV15,C001096
3169,SSEV15,C001047
3170,SSEV15,B001310
3171,SSEV15,S001198
3172,SSEV15,B001236
3173,SSEV15,W000437
3174,SSEV15,S000320
3175,SSEV15,B001261
3176,SSEV15,D000622
3177,SSEV15,C000141
3178,SSEV15,S000033
3179,SSEV15,W000802
3180,SSEV15,M001176
3181,SSEV15,V000128
3182,SSEV15,C000174
3183,SSFI,G000386
3184,SSFI,C000880
3185,SSFI,R000307
3186,SSFI,E000285
3187,SSFI,C001056
3188,SSFI,T000250
3189,SSFI,B001135
3190,SSFI,I000055
3191,SSFI,P000449
3192,SSFI,T000461
3193,SSFI,S001184
3194,SSFI,C001075
3195,SSFI,L000575
3196,SSFI,D000618
3197,SSFI,Y000064
3198,SSFI,W000779
3199,SSFI,S000770
3200,SSFI,C000127
3201,SSFI,M000639
3202,SSFI,C000174
3203,SSFI,C000141
3204,SSFI,B000944
3205,SSFI,B001267
3206,SSFI,C001070
3207,SSFI,W000805
3208,SSFI,W000802
3209,SSFI,H001076
3210,SSFI,C001113
3211,SSFI02,P000449
3212,SSFI02,G000386
3213,SSFI02,C001075
3214,SSFI02,L000575
3215,SSFI02,Y000064
3216,SSFI02,B000944
3217,SSFI02,B001267
3218,SSFI02,C001070
3219,SSFI02,C001113
3220,SSFI02,W000779
3221,SSFI10,T000461
3222,SSFI10,G000386
3223,SSFI10,R000307
3224,SSFI10,E000285
3225,SSFI10,T000250
3226,SSFI10,B001135
3227,SSFI10,I000055
3228,SSFI10,S001184
3229,SSFI10,C001075
3230,SSFI10,L000575
3231,SSFI10,D000618
3232,SSFI10,Y000064
3233,SSFI10,S000770
3234,SSFI10,C000127
3235,SSFI10,M000639
3236,SSFI10,C000174
3237,SSFI10,C000141
3238,SSFI10,B000944
3239,SSFI10,C001070
3240,SSFI10,W000805
3241,SSFI10,W000802
3242,SSFI10,H001076
3243,SSFI10,C001113
3244,SSFI10,W000779
3245,SSFI11,T000250
3246,SSFI11,C000880
3247,SSFI11,E000285
3248,SSFI11,C001056
3249,SSFI11,B001135
3250,SSFI11,I000055
3251,SSFI11,P000449
3252,SSFI11,T000461
3253,SSFI11,W000805
3254,SSFI11,M000639
3255,SSFI11,C000174
3256,SSFI11,C000141
3257,SSFI11,B001267
3258,SSFI11,W000802
3259,SSFI11,W000779
3260,SSFI12,S001184
3261,SSFI12,G000386
3262,SSFI12,C000880
3263,SSFI12,R000307
3264,SSFI12,E000285
3265,SSFI12,C001056
3266,SSFI12,B001135
3267,SSFI12,D000618
3268,SSFI12,B001267
3269,SSFI12,W000779
3270,SSFI12,C000127
3271,SSFI12,C000174
3272,SSFI12,W000802
3273,SSFI12,H001076
3274,SSFI13,C001056
3275,SSFI13,C000880
3276,SSFI13,R000307
3277,SSFI13,T000250
3278,SSFI13,I000055
3279,SSFI13,P000449
3280,SSFI13,T000461
3281,SSFI13,S001184
3282,SSFI13,C001075
3283,SSFI13,D000618
3284,SSFI13,Y000064
3285,SSFI13,G000386
3286,SSFI13,C001070
3287,SSFI13,W000779
3288,SSFI13,S000770
3289,SSFI13,C000127
3290,SSFI13,M000639
3291,SSFI13,C000141
3292,SSFI13,B000944
3293,SSFI13,W000805
3294,SSFI13,C001113
3295,SSFI14,C001075
3296,SSFI14,S001184
3297,SSFI14,L000575
3298,SSFI14,H001076
3299,SSFI14,W000779
3300,SSFR,R000584
3301,SSFR,R000595
3302,SSFR,J000293
3303,SSFR,G000562
3304,SSFR,R000615
3305,SSFR,G000359
3306,SSFR,I000055
3307,SSFR,B001261
3308,SSFR,P000449
3309,SSFR,P000603
3310,SSFR,Y000064
3311,SSFR,C001098
3312,SSFR,M000639
3313,SSFR,C000141
3314,SSFR,S001181
3315,SSFR,C001088
3316,SSFR,U000039
3317,SSFR,M001169
3318,SSFR,K000384
3319,SSFR,M000133
3320,SSFR,M001176
3321,SSFR,B001288
3322,SSFR01,J000293
3323,SSFR01,B001261
3324,SSFR01,P000449
3325,SSFR01,P000603
3326,SSFR01,R000615
3327,SSFR01,R000584
3328,SSFR01,S001181
3329,SSFR01,M001169
3330,SSFR01,C000141
3331,SSFR01,C001088
3332,SSFR01,M000639
3333,SSFR02,G000562
3334,SSFR02,R000595
3335,SSFR02,J000293
3336,SSFR02,I000055
3337,SSFR02,Y000064
3338,SSFR02,R000584
3339,SSFR02,M000133
3340,SSFR02,C001088
3341,SSFR02,M001176
3342,SSFR02,U000039
3343,SSFR02,M000639
3344,SSFR06,R000595
3345,SSFR06,P000449
3346,SSFR06,C001098
3347,SSFR06,G000562
3348,SSFR06,B001261
3349,SSFR06,R000584
3350,SSFR06,C000141
3351,SSFR06,U000039
3352,SSFR06,S001181
3353,SSFR06,K000384
3354,SSFR06,M000639
3355,SSFR07,R000615
3356,SSFR07,C001098
3357,SSFR07,G000359
3358,SSFR07,G000562
3359,SSFR07,P000603
3360,SSFR07,R000584
3361,SSFR07,M001169
3362,SSFR07,C000141
3363,SSFR07,S001181
3364,SSFR07,K000384
3365,SSFR07,M000639
3366,SSFR09,G000359
3367,SSFR09,I000055
3368,SSFR09,P000449
3369,SSFR09,J000293
3370,SSFR09,C001098
3371,SSFR09,R000584
3372,SSFR09,K000384
3373,SSFR09,C001088
3374,SSFR09,B001288
3375,SSFR09,M001169
3376,SSFR09,M000639
3377,SSFR14,I000055
3378,SSFR14,Y000064
3379,SSFR14,P000603
3380,SSFR14,P000449
3381,SSFR14,R000595
3382,SSFR14,R000584
3383,SSFR14,B001288
3384,SSFR14,M000133
3385,SSFR14,M001176
3386,SSFR14,U000039
3387,SSFR14,M000639
3388,SSFR15,Y000064
3389,SSFR15,R000615
3390,SSFR15,P000603
3391,SSFR15,B001261
3392,SSFR15,G000359
3393,SSFR15,R000584
3394,SSFR15,M001176
3395,SSFR15,U000039
3396,SSFR15,M000133
3397,SSFR15,B001288
3398,SSFR15,M000639
3399,SSGA,J000293
3400,SSGA,P000449
3401,SSGA,P000603
3402,SSGA,L000575
3403,SSGA,R000615
3404,SSGA,S001217
3405,SSGA,E000285
3406,SSGA,H001089
3407,SSGA,P000595
3408,SSGA,C000174
3409,SSGA,H001076
3410,SSGA,H001075
3411,SSGA,S001191
3412,SSGA,R000608
3413,SSGA01,P000449
3414,SSGA01,P000603
3415,SSGA01,L000575
3416,SSGA01,R000615
3417,SSGA01,H001089
3418,SSGA01,J000293
3419,SSGA01,C000174
3420,SSGA01,H001076
3421,SSGA01,H001075
3422,SSGA01,R000608
3423,SSGA18,P000603
3424,SSGA18,S001217
3425,SSGA18,E000285
3426,SSGA18,H001089
3427,SSGA18,J000293
3428,SSGA18,H001076
3429,SSGA18,H001075
3430,SSGA18,S001191
3431,SSGA19,L000575
3432,SSGA19,P000449
3433,SSGA19,R000615
3434,SSGA19,S001217
3435,SSGA19,E000285
3436,SSGA19,J000293
3437,SSGA19,S001191
3438,SSGA19,C000174
3439,SSGA19,R000608
3440,SSHR,A000360
3441,SSHR,E000285
3442,SSHR,B001135
3443,SSHR,I000055
3444,SSHR,P000603
3445,SSHR,C001035
3446,SSHR,C001075
3447,SSHR,R000307
3448,SSHR,M001153
3449,SSHR,S001184
3450,SSHR,R000615
3451,SSHR,B001310
3452,SSHR,M001111
3453,SSHR,S000033
3454,SSHR,C001070
3455,SSHR,B001230
3456,SSHR,M001169
3457,SSHR,W000817
3458,SSHR,K000384
3459,SSHR,H001076
3460,SSHR,S001203
3461,SSHR,J000300
3462,SSHR,R000608
3463,SSHR09,P000603
3464,SSHR09,M001153
3465,SSHR09,B001135
3466,SSHR09,C001075
3467,SSHR09,R000307
3468,SSHR09,S001184
3469,SSHR09,R000615
3470,SSHR09,A000360
3471,SSHR09,C001070
3472,SSHR09,S000033
3473,SSHR09,M001169
3474,SSHR09,K000384
3475,SSHR09,H001076
3476,SSHR09,S001203
3477,SSHR09,M001111
3478,SSHR11,I000055
3479,SSHR11,S001184
3480,SSHR11,P000603
3481,SSHR11,R000615
3482,SSHR11,B001310
3483,SSHR11,B001135
3484,SSHR11,C001075
3485,SSHR11,A000360
3486,SSHR11,B001230
3487,SSHR11,C001070
3488,SSHR11,W000817
3489,SSHR11,S001203
3490,SSHR11,J000300
3491,SSHR11,R000608
3492,SSHR11,M001111
3493,SSHR12,E000285
3494,SSHR12,B001135
3495,SSHR12,C001035
3496,SSHR12,C001075
3497,SSHR12,R000307
3498,SSHR12,R000615
3499,SSHR12,B001310
3500,SSHR12,M001153
3501,SSHR12,S001184
3502,SSHR12,A000360
3503,SSHR12,S000033
3504,SSHR12,B001230
3505,SSHR12,M001169
3506,SSHR12,W000817
3507,SSHR12,K000384
3508,SSHR12,H001076
3509,SSHR12,J000300
3510,SSHR12,R000608
3511,SSHR12,M001111
3512,SSJU,G000359
3513,SSJU,G000386
3514,SSJU,C001056
3515,SSJU,L000577
3516,SSJU,C001098
3517,SSJU,S001197
3518,SSJU,H001089
3519,SSJU,T000476
3520,SSJU,E000295
3521,SSJU,C000880
3522,SSJU,K000393
3523,SSJU,B001243
3524,SSJU,F000062
3525,SSJU,L000174
3526,SSJU,D000563
3527,SSJU,W000802
3528,SSJU,K000367
3529,SSJU,C001088
3530,SSJU,B001277
3531,SSJU,H001042
3532,SSJU,B001288
3533,SSJU,H001075
3534,SSJU01,L000577
3535,SSJU01,G000386
3536,SSJU01,H001089
3537,SSJU01,C000880
3538,SSJU01,B001243
3539,SSJU01,K000367
3540,SSJU01,L000174
3541,SSJU01,B001277
3542,SSJU01,B001288
3543,SSJU04,C001056
3544,SSJU04,G000359
3545,SSJU04,G000386
3546,SSJU04,L000577
3547,SSJU04,C001098
3548,SSJU04,H001089
3549,SSJU04,T000476
3550,SSJU04,E000295
3551,SSJU04,K000393
3552,SSJU04,D000563
3553,SSJU04,F000062
3554,SSJU04,L000174
3555,SSJU04,K000367
3556,SSJU04,C001088
3557,SSJU04,B001277
3558,SSJU04,H001042
3559,SSJU04,B001288
3560,SSJU21,C001098
3561,SSJU21,C001056
3562,SSJU21,L000577
3563,SSJU21,S001197
3564,SSJU21,C000880
3565,SSJU21,B001243
3566,SSJU21,H001042
3567,SSJU21,D000563
3568,SSJU21,W000802
3569,SSJU21,C001088
3570,SSJU21,H001075
3571,SSJU22,H001089
3572,SSJU22,G000359
3573,SSJU22,C001056
3574,SSJU22,C001098
3575,SSJU22,T000476
3576,SSJU22,E000295
3577,SSJU22,K000393
3578,SSJU22,W000802
3579,SSJU22,F000062
3580,SSJU22,D000563
3581,SSJU22,K000367
3582,SSJU22,C001088
3583,SSJU22,B001288
3584,SSJU25,S001197
3585,SSJU25,G000386
3586,SSJU25,T000476
3587,SSJU25,E000295
3588,SSJU25,C000880
3589,SSJU25,K000393
3590,SSJU25,B001277
3591,SSJU25,L000174
3592,SSJU25,W000802
3593,SSJU25,K000367
3594,SSJU25,H001042
3595,SSRA,B000575
3596,SSRA,M000355
3597,SSRA,A000360
3598,SSRA,R000307
3599,SSRA,S000320
3600,SSRA,C001098
3601,SSRA,C001047
3602,SSRA,W000437
3603,SSRA,F000463
3604,SSRA,H001079
3605,SSRA,K000367
3606,SSRA,F000062
3607,SSRA,S000148
3608,SSRA,D000563
3609,SSRA,U000039
3610,SSRA,W000805
3611,SSRA,L000174
3612,SSRA,K000383
3613,SSRA,C001113
3614,SSSB,R000595
3615,SSSB,R000584
3616,SSSB,P000603
3617,SSSB,S001184
3618,SSSB,E000295
3619,SSSB,I000024
3620,SSSB,Y000064
3621,SSSB,K000393
3622,SSSB,R000615
3623,SSSB,H001089
3624,SSSB,C000141
3625,SSSB,C000127
3626,SSSB,S001181
3627,SSSB,M000133
3628,SSSB,B001288
3629,SSSB,C001088
3630,SSSB,H001042
3631,SSSB,D000622
3632,SSSB,R000608
3633,SSVA,I000055
3634,SSVA,M000934
3635,SSVA,B001236
3636,SSVA,C001075
3637,SSVA,R000605
3638,SSVA,T000476
3639,SSVA,S001198
3640,SSVA,B001243
3641,SSVA,C001096
3642,SSVA,T000464
3643,SSVA,M001111
3644,SSVA,S000033
3645,SSVA,B000944
3646,SSVA,B001277
3647,SSVA,H001042
3648,SSVA,M001183
3649,SSVA,S001191
3650,HSCN,C001066
3651,HSCN,L000570
3652,HSCN,B001278
3653,HSCN,B001285
3654,HSCN,H001068
3655,HSCN,M001200
3656,HSCN,L000593
3657,HSCN,C001117
3658,HSCN,N000191
3659,HSCN,G000577
3660,HSCN,G000568
3661,HSCN,P000609
3662,HSCN,C001103
3663,HSCN,M001205
3664,HSCN,A000377
3665,HSMH,K000381
3666,HSMH,C001061
3667,HSMH,D000617
3668,HSMH,L000397
3669,HSMH,P000607
3670,HSMH,S001205
3671,HSMH,G000560
3672,HSMH,W000810
3673,HSMH,B001284
3674,HSMH,D000619
3675,HSMH,N000189
3676,HSMH,T000480
3677,HSED07,B001278
3678,HSED07,G000551
3679,HSED07,F000455
3680,HSED07,S001216
3681,HSED07,H001081
3682,HSED07,T000483
3683,HSED07,L000590
3684,HSED07,C001108
3685,HSED07,T000467
3686,HSED07,S001196
3687,HSED07,J000301
3688,HSBA13,B001281
3689,HSBA13,C001049
3690,HSBA13,G000553
3691,HSBA13,G000583
3692,HSBA13,G000581
3693,HSBA13,L000586
3694,HSBA13,P000617
3695,HSBA13,G000571
3696,HSBA13,A000370
3697,HSBA13,D000631
3698,HSBA13,G000587
3699,HSBA13,P000616
3700,HSBA13,W000812
3701,HSBA13,L000491
3702,HSBA13,M001195
3703,HSBA13,B001305
3704,HSBA13,K000392
3705,HSBA13,H001074
3706,HSBA13,G000588
3707,HSBA13,S001213
3708,HSBA13,G000589
3709,HSHA08,F000455
3710,HSHA08,B001251
3711,HSHA08,A000371
3712,HSHA08,D000619
3713,HSGO02,R000606
3714,HSGO02,M000087
3715,HSGO02,C001049
3716,HSGO02,W000797
3717,HSGO02,K000385
3718,HSGO02,G000585
3719,HSGO02,O000172
3720,HSGO02,P000617
3721,HSGO02,N000147
3722,HSGO02,R000614
3723,HSGO02,M001184
3724,HSGO02,M001187
3725,HSGO02,H001071
3726,HSGO02,C001115
3727,HSGO02,M001205
3728,HSGO02,K000395
3729,HSGO05,K000391
3730,HSGO05,D000623
3731,HSGO05,H001087
3732,HSGO05,K000389
3733,HSGO05,P000617
3734,HSGO05,T000481
3735,HSGO05,C001078
3736,HSGO05,C001115
3737,HSGO05,G000576
3738,HSGO05,C001108
3739,HSGO05,R000614
3740,HSGO05,M001205
3741,HSRU05,R000606
3742,HSRU05,S001206
3743,HSRU05,T000474
3744,HSRU05,D000623
3745,HSRU05,M000312
3746,HSRU05,B001248
3747,HSRU05,L000589
3748,HLIG06,S001185
3749,HLIG06,H001047
3750,HLIG06,H001064
3751,HLIG06,W000800
3752,HLIG06,M001185
3753,HLIG06,D000627
3754,HLIG06,W000815
3755,HLIG06,T000463
3756,HLIG06,C001062
3757,HLIG06,H001073
3758,HLIG10,H001047
3759,HLIG10,C001072
3760,HLIG10,Q000023
3761,HLIG10,H001064
3762,HLIG10,S001193
3763,HLIG10,K000391
3764,HLIG10,S001192
3765,HLIG10,S001196
3766,HLIG10,R000601
3767,HLIG10,T000463
3768,SSCM31,S001198
3769,SSCM31,B000575
3770,SSCM31,C001098
3771,SSCM31,F000463
3772,SSCM31,B001243
3773,SSCM31,L000577
3774,SSCM31,J000293
3775,SSCM31,Y000064
3776,SSCM31,S001217
3777,SSCM31,W000437
3778,SSCM31,M000133
3779,SSCM31,K000367
3780,SSCM31,B001277
3781,SSCM31,S001194
3782,SSCM31,U000039
3783,SSCM31,D000622
3784,SSCM31,S001191
3785,SSCM31,R000608
3786,SSCM31,C000127
3787,SSJU26,T000476
3788,SSJU26,G000359
3789,SSJU26,G000386
3790,SSJU26,C001056
3791,SSJU26,L000577
3792,SSJU26,S001197
3793,SSJU26,C000880
3794,SSJU26,B001243
3795,SSJU26,C001088
3796,SSJU26,L000174
3797,SSJU26,D000563
3798,SSJU26,W000802
3799,SSJU26,B001277
3800,SSJU26,H001042
3801,SSJU26,H001075
3802,HSBA01,C001061
3803,HSBA01,P000593
3804,HSBA01,H001047
3805,HSBA01,H001064
3806,HSBA01,S000344
3807,HSBA01,V000130
3808,HSBA01,G000583
3809,HSBA01,S001204
3810,HSBA01,M001209
3811,HSBA01,W000825
3812,HSBA01,L000562
3813,HSBA01,G000571
3814,HSBA01,G000586
3815,HSBA01,S001187
3816,HSBA01,K000210
3817,HSBA01,L000491
3818,HSBA01,W000816
3819,HSBA01,H001072
3820,HSBA01,E000294
3821,HSBA01,G000588
3822,HSBA01,R000612
3823,HSBA01,R000611
3824,HSRU02,H000324
3825,HSRU02,M001206
3826,HSRU02,S001205
3827,HSRU02,S001206
3828,HSRU02,M000312
3829,HSRU02,W000810
3830,HSRU02,B001248
3831,HSRU04,T000474
3832,HSRU04,P000593
3833,HSRU04,S001205
3834,HSRU04,M001206
3835,HSRU04,M000312
3836,HSRU04,L000589
3837,HSRU04,W000810
3838,HSSM26,C001121
3839,HSSM26,V000131
3840,HSSM26,H001085
3841,HSSM26,F000467
3842,HSSM26,K000394
3843,HSSM26,D000629
3844,HSSM26,B001306
3845,HSSM26,B001309
3846,HSSM26,H001082
3847,HSSM26,J000302
3848,HLIG05,C001072
3849,HLIG05,S001175
3850,HLIG05,Q000023
3851,HLIG05,C001091
3852,HLIG05,W000800
3853,HLIG05,M001185
3854,HLIG05,C001087
3855,HLIG05,C001062
3856,HLIG05,W000815
3857,HLIG05,S001192
3858,HLIG08,S001193
3859,HLIG08,S001185
3860,HLIG08,S001175
3861,HLIG08,C001091
3862,HLIG08,D000627
3863,HLIG08,K000391
3864,HLIG08,H001073
3865,HLIG08,C001062
3866,HLIG08,S001196
3867,HLIG08,R000601
