,id,first,last,birthday
0,B000944,Sherrod,Brown,1952-11-09
1,C000127,Maria,Cantwell,1958-10-13
2,C000141,Benjamin,Cardin,1943-10-05
3,C000174,Thomas,Carper,1947-01-23
4,C001070,Robert,Casey,1960-04-13
5,F000062,Dianne,Feinstein,1933-06-22
6,K000367,Amy,Klobuchar,1960-05-25
7,M000639,Robert,Menendez,1954-01-01
8,S000033,Bernard,Sanders,1941-09-08
9,S000770,Debbie,Stabenow,1950-04-29
10,T000464,Jon,Tester,1956-08-21
11,W000802,Sheldon,Whitehouse,1955-10-20
12,B001261,John,Barrasso,1952-07-21
13,W000437,Roger,Wicker,1951-07-05
14,A000360,Lamar,Alexander,1940-07-03
15,C001035,Susan,Collins,1952-12-07
16,C001056,John,Cornyn,1952-02-02
17,D000563,Richard,Durbin,1944-11-21
18,E000285,Michael,Enzi,1944-02-01
19,G000359,Lindsey,Graham,1955-07-09
20,I000024,James,Inhofe,1934-11-17
21,M000355,Mitch,McConnell,1942-02-20
22,M001176,Jeff,Merkley,1956-10-24
23,R000122,John,Reed,1949-11-12
24,R000584,James,Risch,1943-05-03
25,R000307,Pat,Roberts,1936-04-20
26,S001181,Jeanne,Shaheen,1947-01-28
27,U000039,Tom,Udall,1948-05-18
28,W000805,Mark,Warner,1954-12-15
29,G000555,Kirsten,Gillibrand,1966-12-09
30,C001088,Chris,Coons,1963-09-09
31,M001183,Joe,Manchin,1947-08-24
32,A000055,Robert,Aderholt,1965-07-22
33,A000367,Justin,Amash,1980-04-18
34,B001230,Tammy,Baldwin,1962-02-11
35,B001270,Karen,Bass,1953-10-03
36,B001267,Michael,Bennet,1964-11-28
37,B001257,Gus,Bilirakis,1963-02-08
38,B001250,Rob,Bishop,1951-07-13
39,B000490,Sanford,Bishop,1947-02-04
40,B001243,Marsha,Blackburn,1952-06-06
41,B000574,Earl,Blumenauer,1948-08-16
42,B001277,Richard,Blumenthal,1946-02-13
43,B000575,Roy,Blunt,1950-01-10
44,B001236,John,Boozman,1950-12-10
45,B000755,Kevin,Brady,1955-04-11
46,B001274,Mo,Brooks,1954-04-29
47,B001260,Vern,Buchanan,1951-05-08
48,B001275,Larry,Bucshon,1962-05-31
49,B001248,Michael,Burgess,1950-12-23
50,B001135,Richard,Burr,1955-11-30
51,B001251,George,Butterfield,1947-04-27
52,C000059,Ken,Calvert,1953-06-08
53,C001047,Shelley,Capito,1953-11-26
54,C001072,André,Carson,1974-10-16
55,C001051,John,Carter,1941-11-06
56,C001075,Bill,Cassidy,1957-09-28
57,C001066,Kathy,Castor,1966-08-20
58,C000266,Steve,Chabot,1953-01-22
59,C001080,Judy,Chu,1953-07-07
60,C001084,David,Cicilline,1961-07-15
61,C001067,Yvette,Clarke,1964-11-21
62,C001049,Wm.,Clay,1956-07-27
63,C001061,Emanuel,Cleaver,1944-10-26
64,C000537,James,Clyburn,1940-07-21
65,C001068,Steve,Cohen,1949-05-24
66,C001053,Tom,Cole,1949-04-28
67,C001062,K.,Conaway,1948-06-11
68,C001078,Gerald,Connolly,1950-03-30
69,C000754,Jim,Cooper,1954-06-19
70,C001059,Jim,Costa,1952-04-13
71,C001069,Joe,Courtney,1953-04-06
72,C000880,Michael,Crapo,1951-05-20
73,C001087,Eric,Crawford,1966-01-22
74,C001063,Henry,Cuellar,1955-09-19
75,D000096,Danny,Davis,1941-09-06
76,D000598,Susan,Davis,1944-04-13
77,D000191,Peter,DeFazio,1947-05-27
78,D000197,Diana,DeGette,1957-07-29
79,D000216,Rosa,DeLauro,1943-03-02
80,D000616,Scott,DesJarlais,1964-02-21
81,D000610,Theodore,Deutch,1966-05-07
82,D000600,Mario,Diaz-Balart,1961-09-25
83,D000399,Lloyd,Doggett,1946-10-06
84,D000482,Michael,Doyle,1953-08-05
85,D000615,Jeff,Duncan,1966-01-07
86,E000179,Eliot,Engel,1947-02-18
87,E000215,Anna,Eshoo,1942-12-13
88,F000459,Charles,Fleischmann,1962-10-11
89,F000461,Bill,Flores,1954-02-25
90,F000449,Jeff,Fortenberry,1960-12-27
91,F000450,Virginia,Foxx,1943-06-29
92,F000455,Marcia,Fudge,1952-10-29
93,G000559,John,Garamendi,1945-01-24
94,G000562,Cory,Gardner,1974-08-22
95,G000563,Bob,Gibbs,1954-06-14
96,G000552,Louie,Gohmert,1953-08-18
97,G000565,Paul,Gosar,1958-11-22
98,G000377,Kay,Granger,1943-01-18
99,G000386,Charles,Grassley,1933-09-17
100,G000546,Sam,Graves,1963-11-07
101,G000560,Tom,Graves,1970-02-03
102,G000553,Al,Green,1947-09-01
103,G000568,H.,Griffith,1958-03-15
104,G000551,Raúl,Grijalva,1948-02-19
105,G000558,Brett,Guthrie,1964-02-18
106,H001052,Andy,Harris,1957-01-25
107,H001053,Vicky,Hartzler,1960-10-13
108,H000324,Alcee,Hastings,1936-09-05
109,H001046,Martin,Heinrich,1971-10-17
110,H001056,Jaime,Herrera Beutler,1978-11-03
111,H001038,Brian,Higgins,1959-10-06
112,H001047,James,Himes,1966-07-05
113,H001042,Mazie,Hirono,1947-11-03
114,H001061,John,Hoeven,1957-03-13
115,H000874,Steny,Hoyer,1939-06-14
116,H001058,Bill,Huizenga,1969-01-31
117,H001048,Duncan,Hunter,1976-12-07
118,I000055,John,Isakson,1944-12-28
119,J000032,Sheila,Jackson Lee,1950-01-12
120,J000292,Bill,Johnson,1954-11-10
121,J000126,Eddie,Johnson,1935-12-03
122,J000288,Henry,Johnson,1954-10-02
123,J000293,Ron,Johnson,1955-04-08
124,J000289,Jim,Jordan,1964-02-17
125,K000009,Marcy,Kaptur,1946-06-17
126,K000375,William,Keating,1952-09-06
127,K000376,Mike,Kelly,1948-05-10
128,K000188,Ron,Kind,1963-03-16
129,K000210,Peter,King,1944-04-05
130,K000362,Steve,King,1949-05-28
131,K000378,Adam,Kinzinger,1978-02-27
132,L000564,Doug,Lamborn,1954-05-24
133,L000559,James,Langevin,1964-04-22
134,L000575,James,Lankford,1968-03-04
135,L000560,Rick,Larsen,1965-06-15
136,L000557,John,Larson,1948-07-22
137,L000566,Robert,Latta,1956-04-18
138,L000174,Patrick,Leahy,1940-03-31
139,L000551,Barbara,Lee,1946-07-16
140,L000577,Mike,Lee,1971-06-04
141,L000287,John,Lewis,1940-02-21
142,L000563,Daniel,Lipinski,1966-07-15
143,L000565,David,Loebsack,1952-12-23
144,L000397,Zoe,Lofgren,1947-12-21
145,L000576,Billy,Long,1955-08-11
146,L000480,Nita,Lowey,1937-07-05
147,L000491,Frank,Lucas,1960-01-06
148,L000569,Blaine,Luetkemeyer,1952-05-07
149,L000570,Ben,Luján,1972-06-07
150,L000562,Stephen,Lynch,1955-03-31
151,M000087,Carolyn,Maloney,1946-02-19
152,M001158,Kenny,Marchant,1951-02-23
153,M000133,Edward,Markey,1946-07-11
154,M001163,Doris,Matsui,1944-09-25
155,M001165,Kevin,McCarthy,1965-01-26
156,M001157,Michael,McCaul,1962-01-14
157,M001177,Tom,McClintock,1956-07-10
158,M001143,Betty,McCollum,1954-07-12
159,M000312,James,McGovern,1959-11-20
160,M001156,Patrick,McHenry,1975-10-22
161,M001180,David,McKinley,1947-03-28
162,M001159,Cathy,McMorris Rodgers,1969-05-22
163,M001166,Jerry,McNerney,1951-06-18
164,M001137,Gregory,Meeks,1953-09-25
165,M001160,Gwen,Moore,1951-04-18
166,M000934,Jerry,Moran,1954-05-29
167,M001153,Lisa,Murkowski,1957-05-22
168,M001169,Christopher,Murphy,1973-08-03
169,M001111,Patty,Murray,1950-10-11
170,N000002,Jerrold,Nadler,1947-06-13
171,N000179,Grace,Napolitano,1936-12-04
172,N000015,Richard,Neal,1949-02-14
173,N000147,Eleanor,Norton,1937-06-13
174,N000181,Devin,Nunes,1973-10-01
175,O000168,Pete,Olson,1962-12-09
176,P000601,Steven,Palazzo,1970-02-21
177,P000034,Frank,Pallone,1951-10-30
178,P000096,Bill,Pascrell,1937-01-25
179,P000603,Rand,Paul,1963-01-07
180,P000197,Nancy,Pelosi,1940-03-26
181,P000593,Ed,Perlmutter,1953-05-01
182,P000595,Gary,Peters,1958-12-01
183,P000258,Collin,Peterson,1944-06-29
184,P000597,Chellie,Pingree,1955-04-02
185,P000449,Robert,Portman,1955-12-19
186,P000599,Bill,Posey,1947-12-18
187,P000523,David,Price,1940-08-17
188,Q000023,Mike,Quigley,1958-10-17
189,R000585,Tom,Reed,1971-11-18
190,R000588,Cedric,Richmond,1973-09-13
191,R000591,Martha,Roby,1976-07-27
192,R000582,David,Roe,1945-07-21
193,R000395,Harold,Rogers,1937-12-31
194,R000575,Mike,Rogers,1958-07-16
195,R000486,Lucille,Roybal-Allard,1941-06-12
196,R000595,Marco,Rubio,1971-05-28
197,R000576,C.,Ruppersberger,1946-01-31
198,R000515,Bobby,Rush,1946-11-23
199,R000577,Tim,Ryan,1973-07-16
200,S001177,Gregorio,Sablan,1955-01-19
201,S001168,John,Sarbanes,1962-05-22
202,S001176,Steve,Scalise,1965-10-06
203,S001145,Janice,Schakowsky,1944-05-26
204,S001150,Adam,Schiff,1960-06-22
205,S001180,Kurt,Schrader,1951-10-19
206,S000148,Charles,Schumer,1950-11-23
207,S001183,David,Schweikert,1962-03-03
208,S001189,Austin,Scott,1969-12-10
209,S001157,David,Scott,1945-06-27
210,S000185,Robert,Scott,1947-04-30
211,S001184,Tim,Scott,1965-09-19
212,S000244,F.,Sensenbrenner,1943-06-14
213,S000248,José,Serrano,1943-10-24
214,S001185,Terri,Sewell,1965-01-01
215,S000320,Richard,Shelby,1934-05-06
216,S000344,Brad,Sherman,1954-10-24
217,S000364,John,Shimkus,1958-02-21
218,S001148,Michael,Simpson,1950-09-08
219,S001165,Albio,Sires,1951-01-26
220,S000510,Adam,Smith,1965-06-15
221,S001172,Adrian,Smith,1970-12-19
222,S000522,Christopher,Smith,1953-03-04
223,S001175,Jackie,Speier,1950-05-14
224,S001187,Steve,Stivers,1965-03-24
225,S001156,Linda,Sánchez,1969-01-28
226,T000193,Bennie,Thompson,1948-01-28
227,T000460,Mike,Thompson,1951-01-24
228,T000467,Glenn,Thompson,1959-07-27
229,T000238,Mac,Thornberry,1958-07-15
230,T000250,John,Thune,1961-01-07
231,T000470,Scott,Tipton,1956-11-09
232,T000469,Paul,Tonko,1949-06-18
233,T000461,Patrick,Toomey,1961-11-17
234,T000463,Michael,Turner,1960-01-11
235,U000031,Fred,Upton,1953-04-23
236,V000128,Chris,Van Hollen,1959-01-10
237,V000081,Nydia,Velázquez,1953-03-28
238,V000108,Peter,Visclosky,1949-08-13
239,W000798,Tim,Walberg,1951-04-12
240,W000791,Greg,Walden,1957-01-10
241,W000797,Debbie,Wasserman Schultz,1966-09-27
242,W000187,Maxine,Waters,1938-08-15
243,W000806,Daniel,Webster,1949-04-27
244,W000800,Peter,Welch,1947-05-02
245,W000795,Joe,Wilson,1947-07-31
246,W000808,Frederica,Wilson,1942-11-05
247,W000804,Robert,Wittman,1959-02-03
248,W000809,Steve,Womack,1957-02-18
249,W000810,Rob,Woodall,1970-02-11
250,W000779,Ron,Wyden,1949-05-03
251,Y000062,John,Yarmuth,1947-11-04
252,Y000033,Don,Young,1933-06-09
253,Y000064,Todd,Young,1972-08-24
254,A000369,Mark,Amodei,1958-06-12
255,B001278,Suzanne,Bonamici,1954-10-14
256,D000617,Suzan,DelBene,1962-02-17
257,M001184,Thomas,Massie,1971-01-13
258,P000604,Donald,Payne,1958-12-17
259,S001194,Brian,Schatz,1972-10-20
260,F000454,Bill,Foster,1955-10-07
261,T000468,Dina,Titus,1950-05-23
262,C001095,Tom,Cotton,1977-05-13
263,S001191,Kyrsten,Sinema,1976-07-12
264,L000578,Doug,LaMalfa,1960-07-02
265,H001068,Jared,Huffman,1964-02-18
266,B001287,Ami,Bera,1965-03-02
267,C001094,Paul,Cook,1943-03-03
268,S001193,Eric,Swalwell,1980-11-16
269,B001285,Julia,Brownley,1952-08-28
270,C001097,Tony,Cárdenas,1963-03-31
271,R000599,Raul,Ruiz,1972-08-25
272,T000472,Mark,Takano,1960-12-10
273,L000579,Alan,Lowenthal,1941-03-08
274,V000130,Juan,Vargas,1961-03-07
275,P000608,Scott,Peters,1958-06-17
276,Y000065,Ted,Yoho,1955-04-13
277,F000462,Lois,Frankel,1948-05-16
278,C001093,Doug,Collins,1966-08-16
279,G000571,Tulsi,Gabbard,1981-04-12
280,D000622,Tammy,Duckworth,1968-03-12
281,D000619,Rodney,Davis,1970-01-05
282,B001286,Cheri,Bustos,1961-10-17
283,W000813,Jackie,Walorski,1963-08-17
284,B001284,Susan,Brooks,1960-08-25
285,B001282,Garland,Barr,1973-07-24
286,W000817,Elizabeth,Warren,1949-06-22
287,K000379,Joseph,Kennedy,1980-10-04
288,K000383,Angus,King,1944-03-31
289,K000380,Daniel,Kildee,1958-08-11
290,W000812,Ann,Wagner,1962-09-13
291,D000618,Steve,Daines,1962-08-20
292,H001067,Richard,Hudson,1971-11-04
293,M001187,Mark,Meadows,1959-07-28
294,H001065,George,Holding,1968-04-17
295,C001096,Kevin,Cramer,1961-01-21
296,F000463,Deb,Fischer,1951-03-01
297,K000382,Ann,Kuster,1956-09-05
298,M001188,Grace,Meng,1975-10-01
299,J000294,Hakeem,Jeffries,1970-08-04
300,M001185,Sean,Maloney,1966-07-30
301,W000815,Brad,Wenstrup,1958-06-17
302,B001281,Joyce,Beatty,1950-03-12
303,J000295,David,Joyce,1957-03-17
304,M001190,Markwayne,Mullin,1977-07-26
305,P000605,Scott,Perry,1962-05-27
306,C001090,Matthew,Cartwright,1961-05-01
307,R000597,Tom,Rice,1957-08-04
308,C001098,Ted,Cruz,1970-12-22
309,W000814,Randy,Weber,1953-07-02
310,C001091,Joaquin,Castro,1974-09-16
311,W000816,Roger,Williams,1949-09-13
312,V000131,Marc,Veasey,1971-01-03
313,V000132,Filemon,Vela,1963-02-13
314,S001192,Chris,Stewart,1960-07-15
315,K000384,Timothy,Kaine,1958-02-26
316,K000381,Derek,Kilmer,1974-01-01
317,H001064,Denny,Heck,1952-07-29
318,P000607,Mark,Pocan,1964-08-14
319,K000385,Robin,Kelly,1956-04-30
320,S001195,Jason,Smith,1980-06-16
321,B001288,Cory,Booker,1969-04-27
322,C001101,Katherine,Clark,1963-07-17
323,B001289,Bradley,Byrne,1955-02-16
324,N000188,Donald,Norcross,1958-12-13
325,A000370,Alma,Adams,1946-05-27
326,P000609,Gary,Palmer,1954-05-14
327,H001072,French,Hill,1956-12-05
328,W000821,Bruce,Westerman,1967-11-18
329,G000574,Ruben,Gallego,1979-11-20
330,D000623,Mark,DeSaulnier,1952-03-31
331,A000371,Pete,Aguilar,1979-06-19
332,L000582,Ted,Lieu,1969-03-29
333,T000474,Norma,Torres,1965-04-04
334,B001297,Ken,Buck,1959-02-16
335,C001103,Buddy,Carter,1957-09-06
336,H001071,Jody,Hice,1960-04-22
337,L000583,Barry,Loudermilk,1963-12-22
338,A000372,Rick,Allen,1951-11-07
339,B001295,Mike,Bost,1960-12-30
340,A000374,Ralph,Abraham,1954-09-16
341,G000577,Garret,Graves,1972-01-31
342,M001196,Seth,Moulton,1978-10-24
343,M001194,John,Moolenaar,1961-05-08
344,D000624,Debbie,Dingell,1953-11-23
345,L000581,Brenda,Lawrence,1954-10-18
346,E000294,Tom,Emmer,1961-03-03
347,R000603,David,Rouzer,1972-02-16
348,W000822,Bonnie,Watson Coleman,1945-02-06
349,Z000017,Lee,Zeldin,1980-01-30
350,R000602,Kathleen,Rice,1965-02-15
351,S001196,Elise,Stefanik,1984-07-02
352,K000386,John,Katko,1962-11-09
353,B001296,Brendan,Boyle,1977-02-06
354,R000601,John,Ratcliffe,1965-10-20
355,H001073,Will,Hurd,1977-08-19
356,B001291,Brian,Babin,1948-03-23
357,B001292,Donald,Beyer,1950-06-20
358,P000610,Stacey,Plaskett,1966-05-13
359,N000189,Dan,Newhouse,1955-07-10
360,G000576,Glenn,Grothman,1955-07-03
361,M001195,Alex,Mooney,1971-06-05
362,R000600,Aumua,Amata,1947-12-29
363,S001198,Dan,Sullivan,1964-11-13
364,P000612,David,Perdue,1949-12-10
365,E000295,Joni,Ernst,1970-07-01
366,T000476,Thom,Tillis,1960-08-30
367,R000605,Mike,Rounds,1954-10-24
368,W000819,Mark,Walker,1969-05-20
369,S001197,Benjamin,Sasse,1972-02-22
370,K000388,Trent,Kelly,1966-03-01
371,L000585,Darin,LaHood,1968-07-05
372,D000626,Warren,Davidson,1970-03-01
373,C001108,James,Comer,1972-08-19
374,E000296,Dwight,Evans,1954-05-16
375,H001075,Kamala,Harris,1964-10-20
376,K000393,John,Kennedy,1951-11-21
377,H001076,Margaret,Hassan,1958-02-27
378,C001113,Catherine,Cortez Masto,1964-03-29
379,S001190,Bradley,Schneider,1961-08-20
380,O000171,Tom,O’Halleran,1946-01-24
381,B001302,Andy,Biggs,1958-11-07
382,K000389,Ro,Khanna,1976-09-13
383,P000613,Jimmy,Panetta,1969-10-01
384,C001112,Salud,Carbajal,1964-11-18
385,B001300,Nanette,Barragán,1976-09-15
386,C001110,J.,Correa,1958-01-24
387,B001303,Lisa,Blunt Rochester,1962-02-10
388,G000578,Matt,Gaetz,1982-05-07
389,D000628,Neal,Dunn,1953-02-16
390,R000609,John,Rutherford,1952-09-02
391,L000586,Al,Lawson,1948-09-23
392,M001202,Stephanie,Murphy,1978-09-16
393,S001200,Darren,Soto,1978-02-25
394,D000627,Val,Demings,1957-03-12
395,C001111,Charlie,Crist,1956-07-24
396,M001199,Brian,Mast,1980-07-10
397,R000607,Francis,Rooney,1953-12-04
398,F000465,A.,Ferguson,1966-11-15
399,K000391,Raja,Krishnamoorthi,1973-07-19
400,B001299,Jim,Banks,1979-07-16
401,H001074,Trey,Hollingsworth,1983-09-12
402,M001198,Roger,Marshall,1960-08-09
403,H001077,Clay,Higgins,1961-08-24
404,J000299,Mike,Johnson,1972-01-30
405,B001304,Anthony,Brown,1961-11-21
406,R000606,Jamie,Raskin,1962-12-13
407,B001301,Jack,Bergman,1947-02-02
408,M001201,Paul,Mitchell,1961-05-08
409,B001305,Ted,Budd,1971-10-21
410,B001298,Don,Bacon,1963-08-16
411,G000583,Josh,Gottheimer,1975-03-08
412,R000608,Jacky,Rosen,1957-08-02
413,S001201,Thomas,Suozzi,1962-08-31
414,E000297,Adriano,Espaillat,1954-09-27
415,F000466,Brian,Fitzpatrick,1973-12-17
416,S001199,Lloyd,Smucker,1964-01-23
417,G000582,Jenniffer,González-Colón,1976-08-05
418,K000392,David,Kustoff,1966-10-08
419,G000581,Vicente,Gonzalez,1967-09-04
420,A000375,Jodey,Arrington,1972-03-09
421,M001200,A.,McEachin,1961-10-10
422,J000298,Pramila,Jayapal,1965-09-21
423,G000579,Mike,Gallagher,1984-03-03
424,C001109,Liz,Cheney,1966-07-28
425,E000298,Ron,Estes,1956-07-19
426,G000584,Greg,Gianforte,1961-04-17
427,N000190,Ralph,Norman,1953-06-20
428,G000585,Jimmy,Gomez,1974-11-25
429,C001114,John,Curtis,1960-05-10
430,J000300,Doug,Jones,1954-05-04
431,S001203,Tina,Smith,1958-03-04
432,H001079,Cindy,Hyde-Smith,1959-05-10
433,L000588,Conor,Lamb,1984-06-27
434,L000589,Debbie,Lesko,1958-11-14
435,C001115,Michael,Cloud,1975-05-13
436,B001306,Troy,Balderson,1962-01-16
437,H001082,Kevin,Hern,1961-12-04
438,M001206,Joseph,Morelle,1957-04-29
439,S001205,Mary,Scanlon,1959-08-30
440,W000826,Susan,Wild,1957-06-07
441,C001055,Ed,Case,1952-09-27
442,H001066,Steven,Horsford,1973-04-29
443,K000368,Ann,Kirkpatrick,1950-03-24
444,S001211,Greg,Stanton,1970-03-08
445,H001090,Josh,Harder,1986-08-01
446,C001124,TJ,Cox,1963-07-18
447,H001087,Katie,Hill,1987-08-25
448,C001123,Gilbert,Cisneros,1971-02-12
449,P000618,Katie,Porter,1974-01-03
450,R000616,Harley,Rouda,1961-12-10
451,L000593,Mike,Levin,1978-10-28
452,N000191,Joe,Neguse,1984-05-13
453,C001121,Jason,Crow,1979-03-15
454,H001081,Jahana,Hayes,1973-03-08
455,W000823,Michael,Waltz,1974-01-31
456,S001210,Ross,Spano,1966-07-16
457,S001214,W.,Steube,1978-05-19
458,M001207,Debbie,Mucarsel-Powell,1971-01-18
459,S001206,Donna,Shalala,1941-02-14
460,M001208,Lucy,McBath,1960-06-01
461,S001204,Michael,San Nicolas,1981-01-30
462,F000467,Abby,Finkenauer,1988-12-27
463,A000378,Cynthia,Axne,1965-04-20
464,F000469,Russ,Fulcher,1973-07-19
465,G000586,Jesús,García,1956-04-12
466,C001117,Sean,Casten,1971-11-23
467,U000040,Lauren,Underwood,1986-10-04
468,B001307,James,Baird,1945-06-04
469,P000615,Greg,Pence,1956-11-14
470,W000824,Steven,Watkins,1976-09-18
471,D000629,Sharice,Davids,1980-05-22
472,T000482,Lori,Trahan,1973-10-27
473,P000617,Ayanna,Pressley,1974-02-03
474,T000483,David,Trone,1955-09-21
475,S001208,Elissa,Slotkin,1976-07-10
476,L000592,Andy,Levin,1960-08-01
477,S001215,Haley,Stevens,1983-06-24
478,T000481,Rashida,Tlaib,1976-07-24
479,H001088,Jim,Hagedorn,1962-08-04
480,C001119,Angie,Craig,1972-02-14
481,P000616,Dean,Phillips,1969-01-20
482,O000173,Ilhan,Omar,1981-10-04
483,S001212,Pete,Stauber,1966-05-10
484,G000591,Michael,Guest,1970-02-04
485,A000377,Kelly,Armstrong,1976-10-08
486,P000614,Chris,Pappas,1980-06-04
487,V000133,Jefferson,Van Drew,1953-02-23
488,K000394,Andy,Kim,1982-07-12
489,M001203,Tom,Malinowski,1965-09-23
490,S001207,Mikie,Sherrill,1972-01-19
491,H001080,Debra,Haaland,1960-12-02
492,T000484,Xochitl,Torres Small,1984-11-15
493,L000590,Susie,Lee,1966-11-07
494,R000613,Max,Rose,1986-11-28
495,O000172,Alexandria,Ocasio-Cortez,1989-10-13
496,D000630,Antonio,Delgado,1977-01-19
497,B001308,Anthony,Brindisi,1978-11-22
498,G000588,Anthony,Gonzalez,1984-09-19
499,H001083,Kendra,Horn,1976-06-09
500,D000631,Madeleine,Dean,1959-06-06
501,H001085,Chrissy,Houlahan,1967-06-05
502,M001204,Daniel,Meuser,1964-02-10
503,J000302,John,Joyce,1957-02-08
504,R000610,Guy,Reschenthaler,1983-04-17
505,C001122,Joe,Cunningham,1982-05-26
506,T000480,William,Timmons,1984-04-30
507,J000301,Dusty,Johnson,1976-09-30
508,B001309,Tim,Burchett,1964-08-25
509,R000612,John,Rose,1965-02-23
510,G000590,Mark,Green,1964-11-08
511,C001120,Dan,Crenshaw,1984-03-14
512,T000479,Van,Taylor,1972-08-01
513,G000589,Lance,Gooden,1982-12-01
514,W000827,Ron,Wright,1953-04-08
515,F000468,Lizzie,Fletcher,1975-02-13
516,E000299,Veronica,Escobar,1969-09-15
517,R000614,Chip,Roy,1972-08-07
518,G000587,Sylvia,Garcia,1950-09-06
519,A000376,Colin,Allred,1983-04-15
520,M001209,Ben,McAdams,1974-12-05
521,L000591,Elaine,Luria,1975-08-15
522,R000611,Denver,Riggleman,1970-03-01
523,C001118,Ben,Cline,1972-02-29
524,S001209,Abigail,Spanberger,1979-08-07
525,W000825,Jennifer,Wexton,1968-05-27
526,S001216,Kim,Schrier,1968-08-23
527,S001213,Bryan,Steil,1981-03-30
528,M001205,Carol,Miller,1950-11-04
529,S001217,Rick,Scott,1952-12-01
530,B001310,Mike,Braun,1954-03-24
531,H001089,Joshua,Hawley,1979-12-31
532,R000615,Mitt,Romney,1947-03-12
533,M001197,Martha,McSally,1966-03-22
534,G000592,Jared,Golden,1982-07-25
535,K000395,Fred,Keller,1965-10-23
536,B001311,Dan,Bishop,1964-07-01
537,M001210,Gregory,Murphy,1963-03-05
